<?xml version="1.0" encoding="UTF-8" standalone="no"?>
<workflow download="all" export="work" mainabst="" maingraf="Pipeline" mainreal="FastQCWithOpenBisInput" name="FastQCWithOpenBisInput">
   <graf name="Pipeline" text="Description of Graph">
      <job name="WorkflowInitiator" text="Prepares input files and handles parameters" x="8" y="87">
         <input name="PORT0" prejob="" preoutput="" seq="0" text="Description of Port" x="38" y="72"/>
         <input name="PORT1" prejob="" preoutput="" seq="1" text="Description of Port" x="23" y="72"/>
         <output name="OUTPUT" seq="2" text="returns a list with input files and parameters" x="68" y="133"/>
      </job>
      <job name="Pipeline" text="The actual working part" x="211" y="93">
         <input name="PORT0" prejob="WorkflowInitiator" preoutput="2" seq="0" text="Description of Port" x="196" y="139"/>
         <output name="PORT1" seq="1" text="Description of Port" x="271" y="92"/>
      </job>
      <job name="WorkflowCollector" text="Saves output files and meta data" x="435" y="80">
         <input name="PORT0" prejob="Pipeline" preoutput="1" seq="0" text="Description of Port" x="420" y="95"/>
      </job>
   </graf>
   <real abst="" graf="Pipeline" name="FastQCWithOpenBisInput" text="2013-7-10">
      <job name="Pipeline" text="The actual working part" x="211" y="93">
         <input name="PORT0" prejob="WorkflowInitiator" preoutput="2" seq="0" text="Description of Port" x="196" y="139">
            <port_prop desc="null" inh="null" key="eparam" label="null" value="0"/>
            <port_prop desc="null" inh="null" key="waitingtmp" label="null" value="one"/>
            <port_prop desc="null" inh="null" key="waiting" label="null" value="one"/>
            <port_prop desc="null" inh="null" key="intname" label="null" value="workflow.input"/>
            <port_prop desc="null" inh="null" key="dpid" label="null" value="0"/>
            <port_prop desc="null" inh="null" key="pequaltype" label="null" value="0"/>
         </input>
         <output name="PORT1" seq="1" text="Description of Port" x="271" y="92">
            <port_prop desc="null" inh="null" key="maincount0" label="null" value="1"/>
            <port_prop desc="null" inh="null" key="intname" label="null" value="workflow.output"/>
            <port_prop desc="null" inh="null" key="type0" label="null" value="permament"/>
            <port_prop desc="null" inh="null" key="maincount" label="null" value="1"/>
         </output>
         <execute desc="null" inh="null" key="binary" label="null" value="C:/fakepath/FastQC_script.py"/>
         <execute desc="null" inh="null" key="gridtype" label="null" value="local"/>
         <execute desc="null" inh="null" key="jobistype" label="null" value="binary"/>
         <execute desc="null" inh="null" key="grid" label="null" value="dci-bridge host(64bit)"/>
         <execute desc="null" inh="null" key="params" label="null" value="workflow.input"/>
         <execute desc="null" inh="null" key="type" label="null" value="Sequence"/>
         <history mdyid="new.output.type0" nvalue="permament" ovalue="" port="1" tim="2013-07-16-14:42:39" user="11310"/>
         <history mdyid="new.output.maincount0" nvalue="1" ovalue="" port="1" tim="2013-07-16-14:42:39" user="11310"/>
         <history mdyid="modify.output.intname" nvalue="workflow.output" ovalue="PORT1" port="1" tim="2013-07-16-14:42:39" user="11310"/>
         <history mdyid="new.input.pequaltype" nvalue="0" ovalue="" port="0" tim="2013-07-16-14:42:39" user="11310"/>
         <history mdyid="new.input.dpid" nvalue="0" ovalue="" port="0" tim="2013-07-16-14:42:39" user="11310"/>
         <history mdyid="new.input.intname" nvalue="workflow.input" ovalue="" port="0" tim="2013-07-16-14:42:39" user="11310"/>
         <history mdyid="new.input.waiting" nvalue="one" ovalue="" port="0" tim="2013-07-16-14:42:39" user="11310"/>
         <history mdyid="new.input.waitingtmp" nvalue="one" ovalue="" port="0" tim="2013-07-16-14:42:39" user="11310"/>
         <history mdyid="new.input.eparam" nvalue="0" ovalue="" port="0" tim="2013-07-16-14:42:39" user="11310"/>
         <history mdyid="new.job.type" nvalue="Sequence" ovalue="" port="-" tim="2013-07-16-14:42:39" user="11310"/>
         <history mdyid="new.job.params" nvalue="workflow.input" ovalue="" port="-" tim="2013-07-16-14:42:39" user="11310"/>
         <history mdyid="new.job.grid" nvalue="dci-bridge host(64bit)" ovalue="" port="-" tim="2013-07-16-14:42:39" user="11310"/>
         <history mdyid="new.job.jobistype" nvalue="binary" ovalue="" port="-" tim="2013-07-16-14:42:39" user="11310"/>
         <history mdyid="new.job.binary" nvalue="C:/fakepath/FastQC_script.py" ovalue="" port="-" tim="2013-07-16-14:42:39" user="11310"/>
         <history mdyid="new.job.gridtype" nvalue="local" ovalue="" port="-" tim="2013-07-16-14:42:39" user="11310"/>
      </job>
      <job name="WorkflowCollector" text="Saves output files and meta data" x="435" y="80">
         <input name="PORT0" prejob="Pipeline" preoutput="1" seq="0" text="Description of Port" x="420" y="95">
            <port_prop desc="null" inh="null" key="eparam" label="null" value="0"/>
            <port_prop desc="null" inh="null" key="waitingtmp" label="null" value="one"/>
            <port_prop desc="null" inh="null" key="waiting" label="null" value="one"/>
            <port_prop desc="null" inh="null" key="intname" label="null" value="workflow.output"/>
            <port_prop desc="null" inh="null" key="dpid" label="null" value="0"/>
            <port_prop desc="null" inh="null" key="pequaltype" label="null" value="0"/>
         </input>
         <execute desc="null" inh="null" key="binary" label="null" value="C:/fakepath/WorkflowReaper.py"/>
         <execute desc="null" inh="null" key="gridtype" label="null" value="local"/>
         <execute desc="null" inh="null" key="jobistype" label="null" value="binary"/>
         <execute desc="null" inh="null" key="grid" label="null" value="dci-bridge host(64bit)"/>
         <execute desc="null" inh="null" key="params" label="null" value="workflow.output"/>
         <execute desc="null" inh="null" key="type" label="null" value="Sequence"/>
         <history mdyid="modify.job.binary" nvalue="C:/fakepath/WorkflowReaper.py" ovalue="C:/fakepath/iportalScript.py" port="-" tim="2013-07-17-15:51:26" user="11310"/>
         <history mdyid="new.input.pequaltype" nvalue="0" ovalue="" port="0" tim="2013-07-17-10:54:23" user="11310"/>
         <history mdyid="new.input.dpid" nvalue="0" ovalue="" port="0" tim="2013-07-17-10:54:23" user="11310"/>
         <history mdyid="new.input.intname" nvalue="workflow.output" ovalue="" port="0" tim="2013-07-17-10:54:23" user="11310"/>
         <history mdyid="new.input.waiting" nvalue="one" ovalue="" port="0" tim="2013-07-17-10:54:23" user="11310"/>
         <history mdyid="new.input.eparam" nvalue="0" ovalue="" port="0" tim="2013-07-17-10:54:23" user="11310"/>
         <history mdyid="new.input.waitingtmp" nvalue="one" ovalue="" port="0" tim="2013-07-17-10:54:23" user="11310"/>
         <history mdyid="modify.job.params" nvalue="workflow.output" ovalue="PORT0" port="-" tim="2013-07-17-10:54:23" user="11310"/>
         <history mdyid="new.job.type" nvalue="Sequence" ovalue="" port="-" tim="2013-07-16-14:48:55" user="11310"/>
         <history mdyid="new.job.params" nvalue="PORT0" ovalue="" port="-" tim="2013-07-16-14:48:55" user="11310"/>
         <history mdyid="new.job.grid" nvalue="dci-bridge host(64bit)" ovalue="" port="-" tim="2013-07-16-14:48:55" user="11310"/>
         <history mdyid="new.job.jobistype" nvalue="binary" ovalue="" port="-" tim="2013-07-16-14:48:55" user="11310"/>
         <history mdyid="new.job.gridtype" nvalue="local" ovalue="" port="-" tim="2013-07-16-14:48:55" user="11310"/>
         <history mdyid="new.job.binary" nvalue="C:/fakepath/iportalScript.py" ovalue="" port="-" tim="2013-07-16-14:48:55" user="11310"/>
      </job>
      <job name="WorkflowInitiator" text="Prepares input files and handles parameters" x="8" y="87">
         <input name="PORT0" prejob="" preoutput="" seq="0" text="Description of Port" x="38" y="72">
            <port_prop desc="null" inh="null" key="eparam" label="null" value="0"/>
            <port_prop desc="null" inh="null" key="file" label="null" value="C:/fakepath/input"/>
            <port_prop desc="null" inh="null" key="intname" label="null" value="Dataset"/>
            <port_prop desc="null" inh="null" key="dpid" label="null" value="0"/>
            <port_prop desc="null" inh="null" key="pequaltype" label="null" value="0"/>
         </input>
         <input name="PORT1" prejob="" preoutput="" seq="1" text="Description of Port" x="23" y="72">
            <port_prop desc="null" inh="null" key="eparam" label="null" value="0"/>
            <port_prop desc="null" inh="null" key="file" label="null" value="C:/fakepath/input"/>
            <port_prop desc="null" inh="null" key="intname" label="null" value="Parameters"/>
            <port_prop desc="null" inh="null" key="dpid" label="null" value="1"/>
            <port_prop desc="null" inh="null" key="pequaltype" label="null" value="0"/>
         </input>
         <output name="OUTPUT" seq="2" text="returns a list with input files and parameters" x="68" y="133">
            <port_prop desc="null" inh="null" key="maincount0" label="null" value="1"/>
            <port_prop desc="null" inh="null" key="intname" label="null" value="workflow.input"/>
            <port_prop desc="null" inh="null" key="type0" label="null" value="permament"/>
            <port_prop desc="null" inh="null" key="maincount" label="null" value="1"/>
         </output>
         <execute desc="null" inh="null" key="binary" label="null" value="C:/fakepath/openbisDownloader.py"/>
         <execute desc="null" inh="null" key="gridtype" label="null" value="local"/>
         <execute desc="null" inh="null" key="jobistype" label="null" value="binary"/>
         <execute desc="null" inh="null" key="grid" label="null" value="dci-bridge host(64bit)"/>
         <execute desc="null" inh="null" key="params" label="null" value="Dataset Parameters"/>
         <execute desc="null" inh="null" key="type" label="null" value="Sequence"/>
         <history mdyid="new.job.params" nvalue="Dataset Parameters" ovalue="" port="-" tim="2013-07-16-14:55:13" user="11310"/>
         <history mdyid="new.input.file" nvalue="C:/fakepath/input" ovalue="" port="1" tim="2013-07-16-14:51:19" user="11310"/>
         <history mdyid="new.input.file" nvalue="C:/fakepath/input" ovalue="" port="0" tim="2013-07-16-14:50:23" user="11310"/>
         <history mdyid="new.output.maincount" nvalue="1" ovalue="" port="2" tim="2013-07-16-14:41:37" user="11310"/>
         <history mdyid="new.output.intname" nvalue="workflow.input" ovalue="" port="2" tim="2013-07-16-14:41:37" user="11310"/>
         <history mdyid="new.output.type0" nvalue="permament" ovalue="" port="2" tim="2013-07-16-14:41:37" user="11310"/>
         <history mdyid="new.output.maincount0" nvalue="1" ovalue="" port="2" tim="2013-07-16-14:41:37" user="11310"/>
         <history mdyid="new.input.pequaltype" nvalue="0" ovalue="" port="1" tim="2013-07-16-14:41:37" user="11310"/>
         <history mdyid="new.input.dpid" nvalue="1" ovalue="" port="1" tim="2013-07-16-14:41:37" user="11310"/>
         <history mdyid="new.input.intname" nvalue="Parameters" ovalue="" port="1" tim="2013-07-16-14:41:37" user="11310"/>
         <history mdyid="new.input.eparam" nvalue="0" ovalue="" port="1" tim="2013-07-16-14:41:37" user="11310"/>
         <history mdyid="new.input.pequaltype" nvalue="0" ovalue="" port="0" tim="2013-07-16-14:41:37" user="11310"/>
         <history mdyid="new.input.dpid" nvalue="0" ovalue="" port="0" tim="2013-07-16-14:41:37" user="11310"/>
         <history mdyid="new.input.intname" nvalue="Dataset" ovalue="" port="0" tim="2013-07-16-14:41:37" user="11310"/>
         <history mdyid="new.input.eparam" nvalue="0" ovalue="" port="0" tim="2013-07-16-14:41:37" user="11310"/>
         <history mdyid="new.job.type" nvalue="Sequence" ovalue="" port="-" tim="2013-07-16-14:41:37" user="11310"/>
         <history mdyid="new.job.grid" nvalue="dci-bridge host(64bit)" ovalue="" port="-" tim="2013-07-16-14:41:37" user="11310"/>
         <history mdyid="new.job.jobistype" nvalue="binary" ovalue="" port="-" tim="2013-07-16-14:41:37" user="11310"/>
         <history mdyid="new.job.binary" nvalue="C:/fakepath/openbisDownloader.py" ovalue="" port="-" tim="2013-07-16-14:41:37" user="11310"/>
         <history mdyid="new.job.gridtype" nvalue="local" ovalue="" port="-" tim="2013-07-16-14:41:37" user="11310"/>
      </job>
      <instances>
         <instance name="text" rtid="2151010352920974zentest" value="2013-7-16 16:11"/>
         <instance name="storage" rtid="2151010352920974zentest" value="http://localhost:8080/storage"/>
         <instance name="status" rtid="2151010352920974zentest" value="5"/>
         <instance name="status" rtid="2150776142054586zentest" value="5"/>
         <instance name="text" rtid="2150776142054586zentest" value="2013-7-16 16:7"/>
         <instance name="storage" rtid="2150776142054586zentest" value="http://localhost:8080/storage"/>
         <instance name="status" rtid="2150651626766963zentest" value="5"/>
         <instance name="text" rtid="2150651626766963zentest" value="2013-7-16 16:5"/>
         <instance name="status" rtid="2146445753303163zentest" value="7"/>
         <instance name="text" rtid="2146445753303163zentest" value="2013-7-16 14:55"/>
         <instance name="storage" rtid="2146445753303163zentest" value="http://localhost:8080/storage"/>
         <instance name="wftype" rtid="*" value="zen"/>
         <instance name="storage" rtid="2146218701803160zentest" value="http://localhost:8080/storage"/>
         <instance name="text" rtid="2146218701803160zentest" value="2013-7-16 14:51"/>
         <instance name="status" rtid="2146218701803160zentest" value="7"/>
         <instance name="status" rtid="2148364412736364zentest" value="7"/>
         <instance name="storage" rtid="2150409466036454zentest" value="http://localhost:8080/storage"/>
         <instance name="storage" rtid="2147805296114906zentest" value="http://localhost:8080/storage"/>
         <instance name="text" rtid="2147805296114906zentest" value="2013-7-16 15:17"/>
         <instance name="status" rtid="2147805296114906zentest" value="7"/>
         <instance name="storage" rtid="2148238366184065zentest" value="http://localhost:8080/storage"/>
         <instance name="text" rtid="2148238366184065zentest" value="2013-7-16 15:25"/>
         <instance name="status" rtid="2148238366184065zentest" value="7"/>
         <instance name="storage" rtid="2148364412736364zentest" value="http://localhost:8080/storage"/>
         <instance name="text" rtid="2148364412736364zentest" value="2013-7-16 15:27"/>
         <instance name="storage" rtid="2150651626766963zentest" value="http://localhost:8080/storage"/>
         <instance name="status" rtid="2150409466036454zentest" value="7"/>
         <instance name="text" rtid="2150409466036454zentest" value="2013-7-16 16:1"/>
         <instance name="storage" rtid="2151192619606857zentest" value="http://localhost:8080/storage"/>
         <instance name="text" rtid="2151192619606857zentest" value="2013-7-16 16:14"/>
         <instance name="status" rtid="2151192619606857zentest" value="5"/>
         <instance name="storage" rtid="2153483916129260zentest" value="http://localhost:8080/storage"/>
         <instance name="text" rtid="2153483916129260zentest" value="2013-7-16 16:52"/>
         <instance name="status" rtid="2153483916129260zentest" value="6"/>
         <instance name="storage" rtid="2154429153111385zentest" value="http://localhost:8080/storage"/>
         <instance name="text" rtid="2154429153111385zentest" value="2013-7-16 17:8"/>
         <instance name="status" rtid="2154429153111385zentest" value="6"/>
         <instance name="storage" rtid="2154532759586728zentest" value="http://localhost:8080/storage"/>
         <instance name="text" rtid="2154532759586728zentest" value="2013-7-16 17:10"/>
         <instance name="status" rtid="2154532759586728zentest" value="6"/>
         <instance name="storage" rtid="2155584509081770zentest" value="http://localhost:8080/storage"/>
         <instance name="text" rtid="2155584509081770zentest" value="2013-7-16 17:27"/>
         <instance name="status" rtid="2155584509081770zentest" value="6"/>
         <instance name="storage" rtid="2217854193679278zentest" value="http://localhost:8080/storage"/>
         <instance name="text" rtid="2217854193679278zentest" value="2013-7-17 10:45"/>
         <instance name="status" rtid="2217854193679278zentest" value="7"/>
         <instance name="storage" rtid="2218395823478523zentest" value="http://localhost:8080/storage"/>
         <instance name="text" rtid="2218395823478523zentest" value="2013-7-17 10:54"/>
         <instance name="status" rtid="2218395823478523zentest" value="7"/>
         <instance name="storage" rtid="2219271020821312zentest" value="http://localhost:8080/storage"/>
         <instance name="text" rtid="2219271020821312zentest" value="2013-7-17 11:9"/>
         <instance name="status" rtid="2219271020821312zentest" value="7"/>
         <instance name="storage" rtid="2220127421963898zentest" value="http://localhost:8080/storage"/>
         <instance name="text" rtid="2220127421963898zentest" value="2013-7-17 11:23"/>
         <instance name="status" rtid="2220127421963898zentest" value="7"/>
         <instance name="storage" rtid="2220298685025932zentest" value="http://localhost:8080/storage"/>
         <instance name="text" rtid="2220298685025932zentest" value="2013-7-17 11:26"/>
         <instance name="status" rtid="2220298685025932zentest" value="7"/>
         <instance name="storage" rtid="2220679597643014zentest" value="http://localhost:8080/storage"/>
         <instance name="text" rtid="2220679597643014zentest" value="2013-7-17 11:32"/>
         <instance name="status" rtid="2220679597643014zentest" value="6"/>
         <instance name="storage" rtid="2223319664967253zentest" value="http://localhost:8080/storage"/>
         <instance name="text" rtid="2223319664967253zentest" value="2013-7-17 12:16"/>
         <instance name="status" rtid="2223319664967253zentest" value="6"/>
         <instance name="storage" rtid="2223564599290404zentest" value="http://localhost:8080/storage"/>
         <instance name="text" rtid="2223564599290404zentest" value="2013-7-17 12:20"/>
         <instance name="status" rtid="2223564599290404zentest" value="6"/>
         <instance name="storage" rtid="2230841342864458zentest" value="http://localhost:8080/storage"/>
         <instance name="text" rtid="2230841342864458zentest" value="2013-7-17 14:21"/>
         <instance name="status" rtid="2230841342864458zentest" value="6"/>
         <instance name="storage" rtid="2236243124357439zentest" value="http://localhost:8080/storage"/>
         <instance name="text" rtid="2236243124357439zentest" value="2013-7-17 15:51"/>
         <instance name="status" rtid="2236243124357439zentest" value="7"/>
         <instance name="storage" rtid="2236657824538584zentest" value="http://localhost:8080/storage"/>
         <instance name="text" rtid="2236657824538584zentest" value="2013-7-17 15:58"/>
         <instance name="status" rtid="2236657824538584zentest" value="6"/>
         <jobstatus job="WorkflowInitiator" pid="0" resource="dci-bridge host(64bit)" rtid="2146218701803160zentest" status="7"/>
         <jobstatus job="WorkflowInitiator" pid="0" resource="dci-bridge host(64bit)" rtid="2146445753303163zentest" status="6"/>
         <jobstatus job="WorkflowInitiator" pid="0" resource="dci-bridge host(64bit)" rtid="2147805296114906zentest" status="6"/>
         <jobstatus job="WorkflowInitiator" pid="0" resource="dci-bridge host(64bit)" rtid="2148238366184065zentest" status="6"/>
         <jobstatus job="WorkflowInitiator" pid="0" resource="dci-bridge host(64bit)" rtid="2148364412736364zentest" status="6"/>
         <jobstatus job="WorkflowInitiator" pid="0" resource="dci-bridge host(64bit)" rtid="2150409466036454zentest" status="6"/>
         <jobstatus job="WorkflowInitiator" pid="0" resource="user abort" rtid="2150651626766963zentest" status="28"/>
         <jobstatus job="WorkflowInitiator" pid="0" resource="user abort" rtid="2150776142054586zentest" status="28"/>
         <jobstatus job="WorkflowInitiator" pid="0" resource="user abort" rtid="2151010352920974zentest" status="28"/>
         <jobstatus job="WorkflowInitiator" pid="0" resource="user abort" rtid="2151192619606857zentest" status="28"/>
         <jobstatus job="WorkflowInitiator" pid="0" resource="dci-bridge host(64bit)" rtid="2153483916129260zentest" status="6"/>
         <jobstatus job="WorkflowInitiator" pid="0" resource="dci-bridge host(64bit)" rtid="2154429153111385zentest" status="6"/>
         <jobstatus job="WorkflowInitiator" pid="0" resource="dci-bridge host(64bit)" rtid="2154532759586728zentest" status="6"/>
         <jobstatus job="WorkflowInitiator" pid="0" resource="dci-bridge host(64bit)" rtid="2155584509081770zentest" status="6"/>
         <jobstatus job="WorkflowInitiator" pid="0" resource="dci-bridge host(64bit)" rtid="2217854193679278zentest" status="6"/>
         <jobstatus job="WorkflowInitiator" pid="0" resource="dci-bridge host(64bit)" rtid="2218395823478523zentest" status="6"/>
         <jobstatus job="WorkflowInitiator" pid="0" resource="dci-bridge host(64bit)" rtid="2219271020821312zentest" status="6"/>
         <jobstatus job="WorkflowInitiator" pid="0" resource="dci-bridge host(64bit)" rtid="2220127421963898zentest" status="6"/>
         <jobstatus job="WorkflowInitiator" pid="0" resource="dci-bridge host(64bit)" rtid="2220298685025932zentest" status="6"/>
         <jobstatus job="WorkflowInitiator" pid="0" resource="dci-bridge host(64bit)" rtid="2220679597643014zentest" status="6"/>
         <jobstatus job="WorkflowInitiator" pid="0" resource="dci-bridge host(64bit)" rtid="2223319664967253zentest" status="6"/>
         <jobstatus job="WorkflowInitiator" pid="0" resource="dci-bridge host(64bit)" rtid="2223564599290404zentest" status="6"/>
         <jobstatus job="WorkflowInitiator" pid="0" resource="dci-bridge host(64bit)" rtid="2230841342864458zentest" status="6"/>
         <jobstatus job="WorkflowInitiator" pid="0" resource="dci-bridge host(64bit)" rtid="2236243124357439zentest" status="7"/>
         <jobstatus job="WorkflowInitiator" pid="0" resource="dci-bridge host(64bit)" rtid="2236657824538584zentest" status="6"/>
         <jobstatus job="Pipeline" pid="0" resource="gUSE-wfi" rtid="2146218701803160zentest" status="99"/>
         <jobstatus job="Pipeline" pid="0" resource="dci-bridge host(64bit)" rtid="2146445753303163zentest" status="7"/>
         <jobstatus job="Pipeline" pid="0" resource="dci-bridge host(64bit)" rtid="2147805296114906zentest" status="7"/>
         <jobstatus job="Pipeline" pid="0" resource="dci-bridge host(64bit)" rtid="2148238366184065zentest" status="7"/>
         <jobstatus job="Pipeline" pid="0" resource="dci-bridge host(64bit)" rtid="2148364412736364zentest" status="7"/>
         <jobstatus job="Pipeline" pid="0" resource="dci-bridge host(64bit)" rtid="2150409466036454zentest" status="7"/>
         <jobstatus job="Pipeline" pid="0" resource="guse-wfi" rtid="2150651626766963zentest" status="1"/>
         <jobstatus job="Pipeline" pid="0" resource="guse-wfi" rtid="2150776142054586zentest" status="1"/>
         <jobstatus job="Pipeline" pid="0" resource="guse-wfi" rtid="2151010352920974zentest" status="1"/>
         <jobstatus job="Pipeline" pid="0" resource="guse-wfi" rtid="2151192619606857zentest" status="1"/>
         <jobstatus job="Pipeline" pid="0" resource="dci-bridge host(64bit)" rtid="2153483916129260zentest" status="6"/>
         <jobstatus job="Pipeline" pid="0" resource="dci-bridge host(64bit)" rtid="2154429153111385zentest" status="6"/>
         <jobstatus job="Pipeline" pid="0" resource="dci-bridge host(64bit)" rtid="2154532759586728zentest" status="6"/>
         <jobstatus job="Pipeline" pid="0" resource="dci-bridge host(64bit)" rtid="2155584509081770zentest" status="6"/>
         <jobstatus job="Pipeline" pid="0" resource="dci-bridge host(64bit)" rtid="2217854193679278zentest" status="7"/>
         <jobstatus job="Pipeline" pid="0" resource="dci-bridge host(64bit)" rtid="2218395823478523zentest" status="7"/>
         <jobstatus job="Pipeline" pid="0" resource="dci-bridge host(64bit)" rtid="2219271020821312zentest" status="7"/>
         <jobstatus job="Pipeline" pid="0" resource="dci-bridge host(64bit)" rtid="2220127421963898zentest" status="7"/>
         <jobstatus job="Pipeline" pid="0" resource="dci-bridge host(64bit)" rtid="2220298685025932zentest" status="7"/>
         <jobstatus job="Pipeline" pid="0" resource="dci-bridge host(64bit)" rtid="2220679597643014zentest" status="6"/>
         <jobstatus job="Pipeline" pid="0" resource="dci-bridge host(64bit)" rtid="2223319664967253zentest" status="6"/>
         <jobstatus job="Pipeline" pid="0" resource="dci-bridge host(64bit)" rtid="2223564599290404zentest" status="6"/>
         <jobstatus job="Pipeline" pid="0" resource="dci-bridge host(64bit)" rtid="2230841342864458zentest" status="6"/>
         <jobstatus job="Pipeline" pid="0" resource="gUSE-wfi" rtid="2236243124357439zentest" status="99"/>
         <jobstatus job="Pipeline" pid="0" resource="dci-bridge host(64bit)" rtid="2236657824538584zentest" status="6"/>
         <jobstatus job="WorkflowCollector" pid="0" resource="gUSE-wfi" rtid="2146218701803160zentest" status="99"/>
         <jobstatus job="WorkflowCollector" pid="0" resource="gUSE-wfi" rtid="2146445753303163zentest" status="99"/>
         <jobstatus job="WorkflowCollector" pid="0" resource="gUSE-wfi" rtid="2147805296114906zentest" status="99"/>
         <jobstatus job="WorkflowCollector" pid="0" resource="gUSE-wfi" rtid="2148238366184065zentest" status="99"/>
         <jobstatus job="WorkflowCollector" pid="0" resource="gUSE-wfi" rtid="2148364412736364zentest" status="99"/>
         <jobstatus job="WorkflowCollector" pid="0" resource="gUSE-wfi" rtid="2150409466036454zentest" status="99"/>
         <jobstatus job="WorkflowCollector" pid="0" resource="guse-wfi" rtid="2150651626766963zentest" status="1"/>
         <jobstatus job="WorkflowCollector" pid="0" resource="guse-wfi" rtid="2150776142054586zentest" status="1"/>
         <jobstatus job="WorkflowCollector" pid="0" resource="guse-wfi" rtid="2151010352920974zentest" status="1"/>
         <jobstatus job="WorkflowCollector" pid="0" resource="guse-wfi" rtid="2151192619606857zentest" status="1"/>
         <jobstatus job="WorkflowCollector" pid="0" resource="dci-bridge host(64bit)" rtid="2153483916129260zentest" status="6"/>
         <jobstatus job="WorkflowCollector" pid="0" resource="dci-bridge host(64bit)" rtid="2154429153111385zentest" status="6"/>
         <jobstatus job="WorkflowCollector" pid="0" resource="dci-bridge host(64bit)" rtid="2154532759586728zentest" status="6"/>
         <jobstatus job="WorkflowCollector" pid="0" resource="dci-bridge host(64bit)" rtid="2155584509081770zentest" status="6"/>
         <jobstatus job="WorkflowCollector" pid="0" resource="gUSE-wfi" rtid="2217854193679278zentest" status="99"/>
         <jobstatus job="WorkflowCollector" pid="0" resource="gUSE-wfi" rtid="2218395823478523zentest" status="99"/>
         <jobstatus job="WorkflowCollector" pid="0" resource="gUSE-wfi" rtid="2219271020821312zentest" status="99"/>
         <jobstatus job="WorkflowCollector" pid="0" resource="gUSE-wfi" rtid="2220127421963898zentest" status="99"/>
         <jobstatus job="WorkflowCollector" pid="0" resource="gUSE-wfi" rtid="2220298685025932zentest" status="99"/>
         <jobstatus job="WorkflowCollector" pid="0" resource="dci-bridge host(64bit)" rtid="2220679597643014zentest" status="6"/>
         <jobstatus job="WorkflowCollector" pid="0" resource="dci-bridge host(64bit)" rtid="2223319664967253zentest" status="6"/>
         <jobstatus job="WorkflowCollector" pid="0" resource="dci-bridge host(64bit)" rtid="2223564599290404zentest" status="6"/>
         <jobstatus job="WorkflowCollector" pid="0" resource="dci-bridge host(64bit)" rtid="2230841342864458zentest" status="6"/>
         <jobstatus job="WorkflowCollector" pid="0" resource="gUSE-wfi" rtid="2236243124357439zentest" status="99"/>
         <jobstatus job="WorkflowCollector" pid="0" resource="dci-bridge host(64bit)" rtid="2236657824538584zentest" status="6"/>
      </instances>
   </real>
</workflow>
