<?xml version="1.0" encoding="UTF-8" standalone="no"?>
<workflow download="all" export="work" mainabst="" maingraf="bwaGraph_13_10_17_4" mainreal="BwaConcrete_13_10_17" name="BwaConcrete_13_10_17">
   <graf name="bwaGraph_13_10_17_4" text="Description of Graph">
      <job name="DSS-Client" text="Description of Job" x="217" y="76">
         <input name="PORT1" prejob="Initiator" preoutput="1" seq="1" text="Description of Port" x="202" y="106"/>
         <input name="PORT2" prejob="Initiator" preoutput="3" seq="2" text="Description of Port" x="202" y="75"/>
         <output name="PORT0" seq="0" text="Description of Port" x="277" y="75"/>
      </job>
      <job name="Parameters" text="Description of Job" x="735" y="271">
         <input name="PORT1" prejob="Initiator" preoutput="2" seq="1" text="Description of Port" x="720" y="270"/>
         <output name="PORT0" seq="0" text="Description of Port" x="781" y="256"/>
      </job>
      <job name="BwaAln" text="Description of Job" x="408" y="79">
         <input name="PORT1" prejob="Parameters" preoutput="0" seq="1" text="Description of Port" x="468" y="125"/>
         <input name="PORT0" prejob="DSS-Client" preoutput="0" seq="0" text="Description of Port" x="393" y="78"/>
         <output name="PORT2" seq="2" text="Description of Port" x="468" y="78"/>
         <output name="PORT3" seq="3" text="Description of Port" x="468" y="94"/>
      </job>
      <job name="BwaSampe" text="Description of Job" x="730" y="76">
         <input name="PORT0" prejob="Parameters" preoutput="0" seq="0" text="Description of Port" x="776" y="136"/>
         <input name="PORT1" prejob="BwaAlnCollector" preoutput="1" seq="1" text="Description of Port" x="715" y="75"/>
         <output name="PORT2" seq="2" text="Description of Port" x="790" y="75"/>
      </job>
      <job name="GarbageCollector" text="Description of Job" x="787" y="393">
         <input name="PORT0" prejob="MappingStatistics" preoutput="1" seq="0" text="Description of Port" x="847" y="392"/>
         <input name="PORT1" prejob="Initiator" preoutput="1" seq="1" text="Description of Port" x="772" y="392"/>
      </job>
      <job name="SamToBamConverter" text="Description of Job" x="905" y="72">
         <input name="PORT0" prejob="BwaSampe" preoutput="2" seq="0" text="Description of Port" x="890" y="71"/>
         <input name="PORT1" prejob="Parameters" preoutput="0" seq="1" text="Description of Port" x="904" y="132"/>
         <output name="PORT2" seq="2" text="Description of Port" x="965" y="71"/>
      </job>
      <job name="MappingStatistics" text="Description of Job" x="1211" y="75">
         <input name="PORT2" prejob="Parameters" preoutput="0" seq="2" text="Description of Port" x="1196" y="105"/>
         <input name="PORT0" prejob="BamIndexer" preoutput="1" seq="0" text="Description of Port" x="1196" y="74"/>
         <output name="PORT1" seq="1" text="Description of Port" x="1196" y="121"/>
      </job>
      <job name="Initiator" text="Description of Job" x="30" y="77">
         <input name="PORT0" prejob="" preoutput="" seq="0" text="Description of Port" x="45" y="62"/>
         <input name="PORT4" prejob="" preoutput="" seq="4" text="Description of Port" x="29" y="62"/>
         <output name="PORT1" seq="1" text="Description of Port" x="90" y="107"/>
         <output name="PORT2" seq="2" text="Description of Port" x="90" y="123"/>
         <output name="PORT3" seq="3" text="Description of Port" x="90" y="76"/>
      </job>
      <job name="BwaAlnCollector" text="Description of Job" x="578" y="77">
         <input name="PORT0" prejob="BwaAln" preoutput="2" seq="0" text="Description of Port" x="563" y="76"/>
         <input name="PORT2" prejob="BwaAln" preoutput="3" seq="2" text="Description of Port" x="563" y="92"/>
         <output name="PORT1" seq="1" text="Description of Port" x="638" y="76"/>
      </job>
      <job name="BamIndexer" text="Description of Job" x="1053" y="76">
         <input name="PORT0" prejob="SamToBamConverter" preoutput="2" seq="0" text="Description of Port" x="1038" y="75"/>
         <output name="PORT1" seq="1" text="Description of Port" x="1113" y="75"/>
      </job>
   </graf>
   <real abst="" graf="bwaGraph_13_10_17_4" name="BwaConcrete_13_10_17" text="2013-10-17">
      <job name="BamIndexer" text="Description of Job" x="1053" y="76">
         <input name="PORT0" prejob="SamToBamConverter" preoutput="2" seq="0" text="Description of Port" x="1038" y="75">
            <port_prop desc="null" inh="null" key="eparam" label="null" value="0"/>
            <port_prop desc="null" inh="null" key="waitingtmp" label="null" value="one"/>
            <port_prop desc="null" inh="null" key="waiting" label="null" value="one"/>
            <port_prop desc="null" inh="null" key="intname" label="null" value="workflow.input"/>
            <port_prop desc="null" inh="null" key="dpid" label="null" value="0"/>
            <port_prop desc="null" inh="null" key="pequaltype" label="null" value="0"/>
         </input>
         <output name="PORT1" seq="1" text="Description of Port" x="1113" y="75">
            <port_prop desc="null" inh="null" key="maincount0" label="null" value="1"/>
            <port_prop desc="null" inh="null" key="type0" label="null" value="permament"/>
            <port_prop desc="null" inh="null" key="intname" label="null" value="workflow.output"/>
            <port_prop desc="null" inh="null" key="maincount" label="null" value="1"/>
         </output>
         <execute desc="null" inh="null" key="binary" label="null" value="C:/fakepath/workflow_runner.py"/>
         <execute desc="null" inh="null" key="gridtype" label="null" value="local"/>
         <execute desc="null" inh="null" key="jobistype" label="null" value="binary"/>
         <execute desc="null" inh="null" key="grid" label="null" value="dci-bridge host(64bit)"/>
         <execute desc="null" inh="null" key="params" label="null" value="--program samtools index"/>
         <execute desc="null" inh="null" key="type" label="null" value="Sequence"/>
         <history mdyid="modify.job.params" nvalue="--program samtools index" ovalue="--programm samtools index" port="-" tim="2013-10-22-13:20:53" user="11310"/>
         <history mdyid="new.input.waitingtmp" nvalue="one" ovalue="" port="0" tim="2013-10-17-16:42:45" user="11310"/>
         <history mdyid="new.input.eparam" nvalue="0" ovalue="" port="0" tim="2013-10-17-16:42:45" user="11310"/>
         <history mdyid="new.job.type" nvalue="Sequence" ovalue="" port="-" tim="2013-10-17-16:42:45" user="11310"/>
         <history mdyid="new.job.params" nvalue="--programm samtools index" ovalue="" port="-" tim="2013-10-17-16:42:45" user="11310"/>
         <history mdyid="new.job.grid" nvalue="dci-bridge host(64bit)" ovalue="" port="-" tim="2013-10-17-16:42:45" user="11310"/>
         <history mdyid="new.job.jobistype" nvalue="binary" ovalue="" port="-" tim="2013-10-17-16:42:45" user="11310"/>
         <history mdyid="new.job.binary" nvalue="C:/fakepath/workflow_runner.py" ovalue="" port="-" tim="2013-10-17-16:42:45" user="11310"/>
         <history mdyid="new.job.gridtype" nvalue="local" ovalue="" port="-" tim="2013-10-17-16:42:45" user="11310"/>
         <history mdyid="new.output.maincount" nvalue="1" ovalue="" port="1" tim="2013-10-17-16:42:45" user="11310"/>
         <history mdyid="new.output.type0" nvalue="permament" ovalue="" port="1" tim="2013-10-17-16:42:45" user="11310"/>
         <history mdyid="new.output.intname" nvalue="workflow.output" ovalue="" port="1" tim="2013-10-17-16:42:45" user="11310"/>
         <history mdyid="new.output.maincount0" nvalue="1" ovalue="" port="1" tim="2013-10-17-16:42:45" user="11310"/>
         <history mdyid="new.input.pequaltype" nvalue="0" ovalue="" port="0" tim="2013-10-17-16:42:45" user="11310"/>
         <history mdyid="new.input.dpid" nvalue="0" ovalue="" port="0" tim="2013-10-17-16:42:45" user="11310"/>
         <history mdyid="new.input.intname" nvalue="workflow.input" ovalue="" port="0" tim="2013-10-17-16:42:45" user="11310"/>
         <history mdyid="new.input.waiting" nvalue="one" ovalue="" port="0" tim="2013-10-17-16:42:45" user="11310"/>
      </job>
      <job name="BwaAln" text="Description of Job" x="408" y="79">
         <input name="PORT1" prejob="Parameters" preoutput="0" seq="1" text="Description of Port" x="468" y="125">
            <port_prop desc="null" inh="null" key="eparam" label="null" value="0"/>
            <port_prop desc="null" inh="null" key="waitingtmp" label="null" value="one"/>
            <port_prop desc="null" inh="null" key="waiting" label="null" value="one"/>
            <port_prop desc="null" inh="null" key="intname" label="null" value="parameter.input"/>
            <port_prop desc="null" inh="null" key="dpid" label="null" value="1"/>
            <port_prop desc="null" inh="null" key="pequaltype" label="null" value="0"/>
         </input>
         <input name="PORT0" prejob="DSS-Client" preoutput="0" seq="0" text="Description of Port" x="393" y="78">
            <port_prop desc="null" inh="null" key="eparam" label="null" value="0"/>
            <port_prop desc="null" inh="null" key="waitingtmp" label="null" value="one"/>
            <port_prop desc="null" inh="null" key="waiting" label="null" value="one"/>
            <port_prop desc="null" inh="null" key="intname" label="null" value="workflow.input"/>
            <port_prop desc="null" inh="null" key="dpid" label="null" value="0"/>
            <port_prop desc="null" inh="null" key="pequaltype" label="null" value="0"/>
         </input>
         <output name="PORT2" seq="2" text="Description of Port" x="468" y="78">
            <port_prop desc="null" inh="null" key="maincount0" label="null" value="1"/>
            <port_prop desc="null" inh="null" key="type0" label="null" value="permament"/>
            <port_prop desc="null" inh="null" key="intname" label="null" value="workflow.output"/>
            <port_prop desc="null" inh="null" key="maincount" label="null" value="1"/>
         </output>
         <output name="PORT3" seq="3" text="Description of Port" x="468" y="94">
            <port_prop desc="null" inh="null" key="maincount0" label="null" value="1"/>
            <port_prop desc="null" inh="null" key="intname" label="null" value="workflow.input"/>
            <port_prop desc="null" inh="null" key="type0" label="null" value="permament"/>
            <port_prop desc="null" inh="null" key="maincount" label="null" value="1"/>
         </output>
         <execute desc="null" inh="null" key="binary" label="null" value="C:/fakepath/workflow_runner.py"/>
         <execute desc="null" inh="null" key="gridtype" label="null" value="local"/>
         <execute desc="null" inh="null" key="jobistype" label="null" value="binary"/>
         <execute desc="null" inh="null" key="grid" label="null" value="dci-bridge host(64bit)"/>
         <execute desc="null" inh="null" key="params" label="null" value="--program bwa aln"/>
         <execute desc="null" inh="null" key="type" label="null" value="Sequence"/>
         <history mdyid="new.output.maincount" nvalue="1" ovalue="" port="3" tim="2013-10-17-16:10:44" user="11310"/>
         <history mdyid="new.output.maincount0" nvalue="1" ovalue="" port="3" tim="2013-10-17-16:10:44" user="11310"/>
         <history mdyid="new.output.type0" nvalue="permament" ovalue="" port="3" tim="2013-10-17-16:10:44" user="11310"/>
         <history mdyid="new.output.intname" nvalue="workflow.input" ovalue="" port="3" tim="2013-10-17-16:10:44" user="11310"/>
         <history mdyid="new.input.waitingtmp" nvalue="one" ovalue="" port="1" tim="2013-10-17-16:04:52" user="11310"/>
         <history mdyid="new.input.eparam" nvalue="0" ovalue="" port="1" tim="2013-10-17-16:04:52" user="11310"/>
         <history mdyid="new.job.type" nvalue="Sequence" ovalue="" port="-" tim="2013-10-17-16:04:52" user="11310"/>
         <history mdyid="new.job.params" nvalue="--program bwa aln" ovalue="" port="-" tim="2013-10-17-16:04:52" user="11310"/>
         <history mdyid="new.job.grid" nvalue="dci-bridge host(64bit)" ovalue="" port="-" tim="2013-10-17-16:04:52" user="11310"/>
         <history mdyid="new.job.jobistype" nvalue="binary" ovalue="" port="-" tim="2013-10-17-16:04:52" user="11310"/>
         <history mdyid="new.job.gridtype" nvalue="local" ovalue="" port="-" tim="2013-10-17-16:04:52" user="11310"/>
         <history mdyid="new.job.binary" nvalue="C:/fakepath/workflow_runner.py" ovalue="" port="-" tim="2013-10-17-16:04:52" user="11310"/>
         <history mdyid="new.input.waiting" nvalue="one" ovalue="" port="1" tim="2013-10-17-16:04:52" user="11310"/>
         <history mdyid="new.input.intname" nvalue="parameter.input" ovalue="" port="1" tim="2013-10-17-16:04:52" user="11310"/>
         <history mdyid="new.input.dpid" nvalue="1" ovalue="" port="1" tim="2013-10-17-16:04:52" user="11310"/>
         <history mdyid="new.input.pequaltype" nvalue="0" ovalue="" port="1" tim="2013-10-17-16:04:52" user="11310"/>
         <history mdyid="new.input.eparam" nvalue="0" ovalue="" port="0" tim="2013-10-17-16:04:52" user="11310"/>
         <history mdyid="new.input.waitingtmp" nvalue="one" ovalue="" port="0" tim="2013-10-17-16:04:52" user="11310"/>
         <history mdyid="new.input.waiting" nvalue="one" ovalue="" port="0" tim="2013-10-17-16:04:52" user="11310"/>
         <history mdyid="new.input.intname" nvalue="workflow.input" ovalue="" port="0" tim="2013-10-17-16:04:52" user="11310"/>
         <history mdyid="new.input.dpid" nvalue="0" ovalue="" port="0" tim="2013-10-17-16:04:52" user="11310"/>
         <history mdyid="new.input.pequaltype" nvalue="0" ovalue="" port="0" tim="2013-10-17-16:04:52" user="11310"/>
         <history mdyid="modify.output.intname" nvalue="workflow.output" ovalue="PORT2" port="2" tim="2013-10-17-16:04:52" user="11310"/>
         <history mdyid="new.output.maincount0" nvalue="1" ovalue="" port="2" tim="2013-10-17-16:04:52" user="11310"/>
         <history mdyid="new.output.type0" nvalue="permament" ovalue="" port="2" tim="2013-10-17-16:04:52" user="11310"/>
      </job>
      <job name="BwaAlnCollector" text="Description of Job" x="578" y="77">
         <input name="PORT0" prejob="BwaAln" preoutput="2" seq="0" text="Description of Port" x="563" y="76">
            <port_prop desc="null" inh="null" key="eparam" label="null" value="1"/>
            <port_prop desc="null" inh="null" key="waitingtmp" label="null" value="all"/>
            <port_prop desc="null" inh="null" key="waiting" label="null" value="all"/>
            <port_prop desc="null" inh="null" key="intname" label="null" value="PORT0"/>
            <port_prop desc="null" inh="null" key="dpid" label="null" value="0"/>
            <port_prop desc="null" inh="null" key="pequaltype" label="null" value="0"/>
         </input>
         <input name="PORT2" prejob="BwaAln" preoutput="3" seq="2" text="Description of Port" x="563" y="92">
            <port_prop desc="null" inh="null" key="eparam" label="null" value="1"/>
            <port_prop desc="null" inh="null" key="waitingtmp" label="null" value="all"/>
            <port_prop desc="null" inh="null" key="waiting" label="null" value="all"/>
            <port_prop desc="null" inh="null" key="intname" label="null" value="PORT2"/>
            <port_prop desc="null" inh="null" key="dpid" label="null" value="2"/>
            <port_prop desc="null" inh="null" key="pequaltype" label="null" value="0"/>
         </input>
         <output name="PORT1" seq="1" text="Description of Port" x="638" y="76">
            <port_prop desc="null" inh="null" key="maincount0" label="null" value="1"/>
            <port_prop desc="null" inh="null" key="type0" label="null" value="permament"/>
            <port_prop desc="null" inh="null" key="intname" label="null" value="workflow.output"/>
            <port_prop desc="null" inh="null" key="maincount" label="null" value="1"/>
         </output>
         <execute desc="null" inh="null" key="binary" label="null" value="C:/fakepath/BwaSampeCollector.py"/>
         <execute desc="null" inh="null" key="gridtype" label="null" value="local"/>
         <execute desc="null" inh="null" key="jobistype" label="null" value="binary"/>
         <execute desc="null" inh="null" key="grid" label="null" value="dci-bridge host(64bit)"/>
         <execute desc="null" inh="null" key="params" label="null" value="PORT0 PORT2"/>
         <execute desc="null" inh="null" key="type" label="null" value="Sequence"/>
         <history mdyid="new.input.eparam" nvalue="1" ovalue="" port="0" tim="2013-10-17-16:14:06" user="11310"/>
         <history mdyid="new.input.waitingtmp" nvalue="all" ovalue="" port="0" tim="2013-10-17-16:14:06" user="11310"/>
         <history mdyid="new.input.waiting" nvalue="all" ovalue="" port="0" tim="2013-10-17-16:14:06" user="11310"/>
         <history mdyid="new.input.intname" nvalue="PORT0" ovalue="" port="0" tim="2013-10-17-16:14:06" user="11310"/>
         <history mdyid="new.input.dpid" nvalue="0" ovalue="" port="0" tim="2013-10-17-16:14:06" user="11310"/>
         <history mdyid="new.input.pequaltype" nvalue="0" ovalue="" port="0" tim="2013-10-17-16:14:06" user="11310"/>
         <history mdyid="new.input.eparam" nvalue="1" ovalue="" port="2" tim="2013-10-17-16:14:06" user="11310"/>
         <history mdyid="new.input.waitingtmp" nvalue="all" ovalue="" port="2" tim="2013-10-17-16:14:06" user="11310"/>
         <history mdyid="new.input.waiting" nvalue="all" ovalue="" port="2" tim="2013-10-17-16:14:06" user="11310"/>
         <history mdyid="new.input.intname" nvalue="PORT2" ovalue="" port="2" tim="2013-10-17-16:14:06" user="11310"/>
         <history mdyid="new.input.dpid" nvalue="2" ovalue="" port="2" tim="2013-10-17-16:14:06" user="11310"/>
         <history mdyid="new.input.pequaltype" nvalue="0" ovalue="" port="2" tim="2013-10-17-16:14:06" user="11310"/>
         <history mdyid="modify.output.intname" nvalue="workflow.output" ovalue="PORT1" port="1" tim="2013-10-17-16:14:06" user="11310"/>
         <history mdyid="new.output.maincount0" nvalue="1" ovalue="" port="1" tim="2013-10-17-16:14:06" user="11310"/>
         <history mdyid="new.output.type0" nvalue="permament" ovalue="" port="1" tim="2013-10-17-16:14:06" user="11310"/>
         <history mdyid="new.job.params" nvalue="PORT0 PORT2" ovalue="" port="-" tim="2013-10-17-16:14:06" user="11310"/>
         <history mdyid="new.job.type" nvalue="Sequence" ovalue="" port="-" tim="2013-10-17-16:14:06" user="11310"/>
         <history mdyid="new.job.grid" nvalue="dci-bridge host(64bit)" ovalue="" port="-" tim="2013-10-17-16:14:06" user="11310"/>
         <history mdyid="new.job.jobistype" nvalue="binary" ovalue="" port="-" tim="2013-10-17-16:14:06" user="11310"/>
         <history mdyid="new.job.binary" nvalue="C:/fakepath/BwaSampeCollector.py" ovalue="" port="-" tim="2013-10-17-16:14:06" user="11310"/>
         <history mdyid="new.job.gridtype" nvalue="local" ovalue="" port="-" tim="2013-10-17-16:14:06" user="11310"/>
      </job>
      <job name="BwaSampe" text="Description of Job" x="730" y="76">
         <input name="PORT0" prejob="Parameters" preoutput="0" seq="0" text="Description of Port" x="776" y="136">
            <port_prop desc="null" inh="null" key="eparam" label="null" value="0"/>
            <port_prop desc="null" inh="null" key="waitingtmp" label="null" value="one"/>
            <port_prop desc="null" inh="null" key="waiting" label="null" value="one"/>
            <port_prop desc="null" inh="null" key="intname" label="null" value="parameter.input"/>
            <port_prop desc="null" inh="null" key="dpid" label="null" value="0"/>
            <port_prop desc="null" inh="null" key="pequaltype" label="null" value="0"/>
         </input>
         <input name="PORT1" prejob="BwaAlnCollector" preoutput="1" seq="1" text="Description of Port" x="715" y="75">
            <port_prop desc="null" inh="null" key="eparam" label="null" value="0"/>
            <port_prop desc="null" inh="null" key="waitingtmp" label="null" value="one"/>
            <port_prop desc="null" inh="null" key="waiting" label="null" value="one"/>
            <port_prop desc="null" inh="null" key="intname" label="null" value="workflow.input"/>
            <port_prop desc="null" inh="null" key="dpid" label="null" value="1"/>
            <port_prop desc="null" inh="null" key="pequaltype" label="null" value="0"/>
         </input>
         <output name="PORT2" seq="2" text="Description of Port" x="790" y="75">
            <port_prop desc="null" inh="null" key="maincount0" label="null" value="1"/>
            <port_prop desc="null" inh="null" key="intname" label="null" value="workflow.output"/>
            <port_prop desc="null" inh="null" key="type0" label="null" value="permament"/>
            <port_prop desc="null" inh="null" key="maincount" label="null" value="1"/>
         </output>
         <execute desc="null" inh="null" key="binary" label="null" value="C:/fakepath/workflow_runner.py"/>
         <execute desc="null" inh="null" key="gridtype" label="null" value="local"/>
         <execute desc="null" inh="null" key="jobistype" label="null" value="binary"/>
         <execute desc="null" inh="null" key="grid" label="null" value="dci-bridge host(64bit)"/>
         <execute desc="null" inh="null" key="params" label="null" value="--program bwa sampe"/>
         <execute desc="null" inh="null" key="type" label="null" value="Sequence"/>
         <history mdyid="modify.output.intname" nvalue="workflow.output" ovalue="workflow,output" port="2" tim="2013-10-22-20:39:35" user="11310"/>
         <history mdyid="modify.output.intname" nvalue="workflow,output" ovalue="PORT2" port="2" tim="2013-10-17-16:18:14" user="11310"/>
         <history mdyid="new.output.maincount0" nvalue="1" ovalue="" port="2" tim="2013-10-17-16:18:14" user="11310"/>
         <history mdyid="new.output.type0" nvalue="permament" ovalue="" port="2" tim="2013-10-17-16:18:14" user="11310"/>
         <history mdyid="new.job.grid" nvalue="dci-bridge host(64bit)" ovalue="" port="-" tim="2013-10-17-16:18:14" user="11310"/>
         <history mdyid="new.job.jobistype" nvalue="binary" ovalue="" port="-" tim="2013-10-17-16:18:14" user="11310"/>
         <history mdyid="new.job.binary" nvalue="C:/fakepath/workflow_runner.py" ovalue="" port="-" tim="2013-10-17-16:18:14" user="11310"/>
         <history mdyid="new.job.gridtype" nvalue="local" ovalue="" port="-" tim="2013-10-17-16:18:14" user="11310"/>
         <history mdyid="new.input.pequaltype" nvalue="0" ovalue="" port="1" tim="2013-10-17-16:18:14" user="11310"/>
         <history mdyid="new.input.dpid" nvalue="1" ovalue="" port="1" tim="2013-10-17-16:18:14" user="11310"/>
         <history mdyid="new.input.intname" nvalue="workflow.input" ovalue="" port="1" tim="2013-10-17-16:18:14" user="11310"/>
         <history mdyid="new.input.waiting" nvalue="one" ovalue="" port="1" tim="2013-10-17-16:18:14" user="11310"/>
         <history mdyid="new.input.waitingtmp" nvalue="one" ovalue="" port="1" tim="2013-10-17-16:18:14" user="11310"/>
         <history mdyid="new.input.eparam" nvalue="0" ovalue="" port="1" tim="2013-10-17-16:18:14" user="11310"/>
         <history mdyid="new.input.dpid" nvalue="0" ovalue="" port="0" tim="2013-10-17-16:18:14" user="11310"/>
         <history mdyid="new.input.pequaltype" nvalue="0" ovalue="" port="0" tim="2013-10-17-16:18:14" user="11310"/>
         <history mdyid="new.input.intname" nvalue="parameter.input" ovalue="" port="0" tim="2013-10-17-16:18:14" user="11310"/>
         <history mdyid="new.input.waiting" nvalue="one" ovalue="" port="0" tim="2013-10-17-16:18:14" user="11310"/>
         <history mdyid="new.job.params" nvalue="--program bwa sampe" ovalue="" port="-" tim="2013-10-17-16:18:14" user="11310"/>
         <history mdyid="new.job.type" nvalue="Sequence" ovalue="" port="-" tim="2013-10-17-16:18:14" user="11310"/>
         <history mdyid="new.input.eparam" nvalue="0" ovalue="" port="0" tim="2013-10-17-16:18:14" user="11310"/>
         <history mdyid="new.input.waitingtmp" nvalue="one" ovalue="" port="0" tim="2013-10-17-16:18:14" user="11310"/>
      </job>
      <job name="DSS-Client" text="Description of Job" x="217" y="76">
         <input name="PORT1" prejob="Initiator" preoutput="1" seq="1" text="Description of Port" x="202" y="106">
            <port_prop desc="null" inh="null" key="eparam" label="null" value="0"/>
            <port_prop desc="null" inh="null" key="waitingtmp" label="null" value="one"/>
            <port_prop desc="null" inh="null" key="waiting" label="null" value="one"/>
            <port_prop desc="null" inh="null" key="intname" label="null" value="resultFolder"/>
            <port_prop desc="null" inh="null" key="dpid" label="null" value="1"/>
            <port_prop desc="null" inh="null" key="pequaltype" label="null" value="0"/>
         </input>
         <input name="PORT2" prejob="Initiator" preoutput="3" seq="2" text="Description of Port" x="202" y="75">
            <port_prop desc="null" inh="null" key="eparam" label="null" value="0"/>
            <port_prop desc="null" inh="null" key="waitingtmp" label="null" value="one"/>
            <port_prop desc="null" inh="null" key="waiting" label="null" value="one"/>
            <port_prop desc="null" inh="null" key="intname" label="null" value="input"/>
            <port_prop desc="null" inh="null" key="dpid" label="null" value="2"/>
            <port_prop desc="null" inh="null" key="pequaltype" label="null" value="0"/>
         </input>
         <output name="PORT0" seq="0" text="Description of Port" x="277" y="75">
            <port_prop desc="null" inh="null" key="maincount0" label="null" value="2"/>
            <port_prop desc="null" inh="null" key="intname" label="null" value="workflow.input"/>
            <port_prop desc="null" inh="null" key="type0" label="null" value="permament"/>
            <port_prop desc="null" inh="null" key="maincount" label="null" value="2"/>
         </output>
         <execute desc="null" inh="null" key="gridtype" label="null" value="local"/>
         <execute desc="null" inh="null" key="binary" label="null" value="C:/fakepath/openbisDownloader.py"/>
         <execute desc="null" inh="null" key="jobistype" label="null" value="binary"/>
         <execute desc="null" inh="null" key="grid" label="null" value="dci-bridge host(64bit)"/>
         <execute desc="null" inh="null" key="params" label="null" value="input resultFolder"/>
         <execute desc="null" inh="null" key="type" label="null" value="Sequence"/>
         <history mdyid="new.input.waiting" nvalue="one" ovalue="" port="2" tim="2013-10-17-17:13:16" user="11310"/>
         <history mdyid="new.input.waitingtmp" nvalue="one" ovalue="" port="2" tim="2013-10-17-17:13:16" user="11310"/>
         <history mdyid="new.input.eparam" nvalue="0" ovalue="" port="2" tim="2013-10-17-17:13:16" user="11310"/>
         <history mdyid="new.input.pequaltype" nvalue="0" ovalue="" port="2" tim="2013-10-17-17:13:16" user="11310"/>
         <history mdyid="new.input.dpid" nvalue="2" ovalue="" port="2" tim="2013-10-17-17:13:16" user="11310"/>
         <history mdyid="new.input.intname" nvalue="input" ovalue="" port="2" tim="2013-10-17-17:13:16" user="11310"/>
         <history mdyid="new.output.type0" nvalue="permament" ovalue="" port="0" tim="2013-10-17-15:50:33" user="11310"/>
         <history mdyid="new.output.maincount0" nvalue="2" ovalue="" port="0" tim="2013-10-17-15:50:33" user="11310"/>
         <history mdyid="modify.output.maincount" nvalue="2" ovalue="1" port="0" tim="2013-10-17-15:50:33" user="11310"/>
         <history mdyid="modify.output.intname" nvalue="workflow.input" ovalue="PORT0" port="0" tim="2013-10-17-15:50:33" user="11310"/>
         <history mdyid="new.input.pequaltype" nvalue="0" ovalue="" port="2" tim="2013-10-17-15:50:33" user="11310"/>
         <history mdyid="new.input.dpid" nvalue="2" ovalue="" port="2" tim="2013-10-17-15:50:33" user="11310"/>
         <history mdyid="new.input.intname" nvalue="input" ovalue="" port="2" tim="2013-10-17-15:50:33" user="11310"/>
         <history mdyid="new.input.eparam" nvalue="0" ovalue="" port="2" tim="2013-10-17-15:50:33" user="11310"/>
         <history mdyid="new.input.waiting" nvalue="one" ovalue="" port="1" tim="2013-10-17-15:50:33" user="11310"/>
         <history mdyid="new.input.intname" nvalue="resultFolder" ovalue="" port="1" tim="2013-10-17-15:50:33" user="11310"/>
         <history mdyid="new.input.dpid" nvalue="1" ovalue="" port="1" tim="2013-10-17-15:50:33" user="11310"/>
         <history mdyid="new.input.pequaltype" nvalue="0" ovalue="" port="1" tim="2013-10-17-15:50:33" user="11310"/>
         <history mdyid="new.input.waitingtmp" nvalue="one" ovalue="" port="1" tim="2013-10-17-15:50:33" user="11310"/>
         <history mdyid="new.input.eparam" nvalue="0" ovalue="" port="1" tim="2013-10-17-15:50:33" user="11310"/>
         <history mdyid="new.job.type" nvalue="Sequence" ovalue="" port="-" tim="2013-10-17-15:50:33" user="11310"/>
         <history mdyid="new.job.params" nvalue="input resultFolder" ovalue="" port="-" tim="2013-10-17-15:50:33" user="11310"/>
         <history mdyid="new.job.grid" nvalue="dci-bridge host(64bit)" ovalue="" port="-" tim="2013-10-17-15:50:33" user="11310"/>
         <history mdyid="new.job.jobistype" nvalue="binary" ovalue="" port="-" tim="2013-10-17-15:50:33" user="11310"/>
         <history mdyid="new.job.binary" nvalue="C:/fakepath/openbisDownloader.py" ovalue="" port="-" tim="2013-10-17-15:50:33" user="11310"/>
         <history mdyid="new.job.gridtype" nvalue="local" ovalue="" port="-" tim="2013-10-17-15:50:33" user="11310"/>
      </job>
      <job name="GarbageCollector" text="Description of Job" x="787" y="393">
         <input name="PORT0" prejob="MappingStatistics" preoutput="1" seq="0" text="Description of Port" x="847" y="392"/>
         <input name="PORT1" prejob="Initiator" preoutput="1" seq="1" text="Description of Port" x="772" y="392"/>
         <execute desc="null" inh="null" key="binary" label="null" value="C:/fakepath/GarbageCollector.py"/>
         <execute desc="null" inh="null" key="gridtype" label="null" value="local"/>
         <execute desc="null" inh="null" key="jobistype" label="null" value="binary"/>
         <execute desc="null" inh="null" key="grid" label="null" value="dci-bridge host(64bit)"/>
         <execute desc="null" inh="null" key="params" label="null" value="PORT1"/>
         <execute desc="null" inh="null" key="type" label="null" value="Sequence"/>
         <history mdyid="new.job.type" nvalue="Sequence" ovalue="" port="-" tim="2013-10-17-16:45:20" user="11310"/>
         <history mdyid="new.job.params" nvalue="PORT1" ovalue="" port="-" tim="2013-10-17-16:45:20" user="11310"/>
         <history mdyid="new.job.grid" nvalue="dci-bridge host(64bit)" ovalue="" port="-" tim="2013-10-17-16:45:20" user="11310"/>
         <history mdyid="new.job.jobistype" nvalue="binary" ovalue="" port="-" tim="2013-10-17-16:45:20" user="11310"/>
         <history mdyid="new.job.binary" nvalue="C:/fakepath/GarbageCollector.py" ovalue="" port="-" tim="2013-10-17-16:45:20" user="11310"/>
         <history mdyid="new.job.gridtype" nvalue="local" ovalue="" port="-" tim="2013-10-17-16:45:20" user="11310"/>
      </job>
      <job name="Initiator" text="Description of Job" x="30" y="77">
         <input name="PORT0" prejob="" preoutput="" seq="0" text="Description of Port" x="45" y="62">
            <port_prop desc="null" inh="null" key="eparam" label="null" value="0"/>
            <port_prop desc="null" inh="null" key="file" label="null" value="C:/fakepath/Parameters"/>
            <port_prop desc="null" inh="null" key="intname" label="null" value="Parameters"/>
            <port_prop desc="null" inh="null" key="dpid" label="null" value="0"/>
            <port_prop desc="null" inh="null" key="pequaltype" label="null" value="0"/>
         </input>
         <input name="PORT4" prejob="" preoutput="" seq="4" text="Description of Port" x="29" y="62">
            <port_prop desc="null" inh="null" key="eparam" label="null" value="0"/>
            <port_prop desc="null" inh="null" key="file" label="null" value="C:/fakepath/bwa_input"/>
            <port_prop desc="null" inh="null" key="intname" label="null" value="input"/>
            <port_prop desc="null" inh="null" key="dpid" label="null" value="4"/>
            <port_prop desc="null" inh="null" key="pequaltype" label="null" value="0"/>
         </input>
         <output name="PORT1" seq="1" text="Description of Port" x="90" y="107">
            <port_prop desc="null" inh="null" key="maincount0" label="null" value="1"/>
            <port_prop desc="null" inh="null" key="intname" label="null" value="PORT1"/>
            <port_prop desc="null" inh="null" key="type0" label="null" value="permament"/>
            <port_prop desc="null" inh="null" key="maincount" label="null" value="1"/>
         </output>
         <output name="PORT2" seq="2" text="Description of Port" x="90" y="123">
            <port_prop desc="null" inh="null" key="maincount0" label="null" value="1"/>
            <port_prop desc="null" inh="null" key="intname" label="null" value="Parameters"/>
            <port_prop desc="null" inh="null" key="type0" label="null" value="permament"/>
            <port_prop desc="null" inh="null" key="maincount" label="null" value="1"/>
         </output>
         <output name="PORT3" seq="3" text="Description of Port" x="90" y="76">
            <port_prop desc="null" inh="null" key="maincount0" label="null" value="1"/>
            <port_prop desc="null" inh="null" key="intname" label="null" value="input"/>
            <port_prop desc="null" inh="null" key="type0" label="null" value="permament"/>
            <port_prop desc="null" inh="null" key="maincount" label="null" value="1"/>
         </output>
         <execute desc="null" inh="null" key="binary" label="null" value="C:/fakepath/Initiator.py"/>
         <execute desc="null" inh="null" key="gridtype" label="null" value="local"/>
         <execute desc="null" inh="null" key="jobistype" label="null" value="binary"/>
         <execute desc="null" inh="null" key="grid" label="null" value="dci-bridge host(64bit)"/>
         <execute desc="null" inh="null" key="params" label="null" value="Parameters"/>
         <execute desc="null" inh="null" key="type" label="null" value="Sequence"/>
         <history mdyid="modify.output.intname" nvalue="PORT1" ovalue="working_directory" port="1" tim="2013-10-22-12:04:39" user="11310"/>
         <history mdyid="modify.output.intname" nvalue="working_directory" ovalue="working_directory.input" port="1" tim="2013-10-22-11:59:58" user="11310"/>
         <history mdyid="modify.input.file" nvalue="C:/fakepath/Parameters" ovalue="C:/fakepath/workflow.input" port="0" tim="2013-10-22-11:43:06" user="11310"/>
         <history mdyid="modify.input.file" nvalue="C:/fakepath/bwa_input" ovalue="C:/fakepath/workflow.input" port="4" tim="2013-10-22-11:43:06" user="11310"/>
         <history mdyid="delete.input.value" nvalue="" ovalue="23" port="4" tim="2013-10-17-18:10:14" user="11310"/>
         <history mdyid="new.input.file" nvalue="C:/fakepath/workflow.input" ovalue="" port="4" tim="2013-10-17-18:10:14" user="11310"/>
         <history mdyid="delete.input.file" nvalue="" ovalue="C:/fakepath/workflow.input" port="4" tim="2013-10-17-17:56:04" user="11310"/>
         <history mdyid="delete.input.value" nvalue="" ovalue="42" port="0" tim="2013-10-17-17:56:04" user="11310"/>
         <history mdyid="new.input.file" nvalue="C:/fakepath/workflow.input" ovalue="" port="4" tim="2013-10-17-17:55:17" user="11310"/>
         <history mdyid="new.input.file" nvalue="C:/fakepath/workflow.input" ovalue="" port="0" tim="2013-10-17-17:55:17" user="11310"/>
         <history mdyid="new.input.value" nvalue="23" ovalue="" port="4" tim="2013-10-17-17:28:43" user="11310"/>
         <history mdyid="new.input.value" nvalue="42" ovalue="" port="0" tim="2013-10-17-17:28:43" user="11310"/>
         <history mdyid="new.output.maincount" nvalue="1" ovalue="" port="3" tim="2013-10-17-17:13:17" user="11310"/>
         <history mdyid="new.output.type0" nvalue="permament" ovalue="" port="3" tim="2013-10-17-17:13:17" user="11310"/>
         <history mdyid="new.output.intname" nvalue="input" ovalue="" port="3" tim="2013-10-17-17:13:17" user="11310"/>
         <history mdyid="new.output.maincount0" nvalue="1" ovalue="" port="3" tim="2013-10-17-17:13:17" user="11310"/>
         <history mdyid="new.input.pequaltype" nvalue="0" ovalue="" port="4" tim="2013-10-17-17:13:17" user="11310"/>
         <history mdyid="new.input.dpid" nvalue="4" ovalue="" port="4" tim="2013-10-17-17:13:17" user="11310"/>
         <history mdyid="new.input.intname" nvalue="input" ovalue="" port="4" tim="2013-10-17-17:13:17" user="11310"/>
         <history mdyid="new.input.eparam" nvalue="0" ovalue="" port="4" tim="2013-10-17-17:13:17" user="11310"/>
         <history mdyid="new.job.params" nvalue="Parameters" ovalue="" port="-" tim="2013-10-17-15:48:37" user="11310"/>
         <history mdyid="new.job.grid" nvalue="dci-bridge host(64bit)" ovalue="" port="-" tim="2013-10-17-15:48:37" user="11310"/>
         <history mdyid="new.job.jobistype" nvalue="binary" ovalue="" port="-" tim="2013-10-17-15:48:37" user="11310"/>
         <history mdyid="new.job.binary" nvalue="C:/fakepath/Initiator.py" ovalue="" port="-" tim="2013-10-17-15:48:37" user="11310"/>
         <history mdyid="new.job.gridtype" nvalue="local" ovalue="" port="-" tim="2013-10-17-15:48:37" user="11310"/>
         <history mdyid="new.output.maincount" nvalue="1" ovalue="" port="2" tim="2013-10-17-15:48:37" user="11310"/>
         <history mdyid="new.output.type0" nvalue="permament" ovalue="" port="2" tim="2013-10-17-15:48:37" user="11310"/>
         <history mdyid="new.output.intname" nvalue="Parameters" ovalue="" port="2" tim="2013-10-17-15:48:37" user="11310"/>
         <history mdyid="new.output.maincount0" nvalue="1" ovalue="" port="2" tim="2013-10-17-15:48:37" user="11310"/>
         <history mdyid="new.output.maincount" nvalue="1" ovalue="" port="1" tim="2013-10-17-15:48:37" user="11310"/>
         <history mdyid="new.output.type0" nvalue="permament" ovalue="" port="1" tim="2013-10-17-15:48:37" user="11310"/>
         <history mdyid="new.output.intname" nvalue="working_directory.input" ovalue="" port="1" tim="2013-10-17-15:48:37" user="11310"/>
         <history mdyid="new.output.maincount0" nvalue="1" ovalue="" port="1" tim="2013-10-17-15:48:37" user="11310"/>
         <history mdyid="new.input.pequaltype" nvalue="0" ovalue="" port="0" tim="2013-10-17-15:48:37" user="11310"/>
         <history mdyid="new.job.type" nvalue="Sequence" ovalue="" port="-" tim="2013-10-17-15:48:37" user="11310"/>
         <history mdyid="new.input.eparam" nvalue="0" ovalue="" port="0" tim="2013-10-17-15:48:37" user="11310"/>
         <history mdyid="new.input.intname" nvalue="Parameters" ovalue="" port="0" tim="2013-10-17-15:48:37" user="11310"/>
         <history mdyid="new.input.dpid" nvalue="0" ovalue="" port="0" tim="2013-10-17-15:48:37" user="11310"/>
      </job>
      <job name="MappingStatistics" text="Description of Job" x="1211" y="75">
         <input name="PORT2" prejob="Parameters" preoutput="0" seq="2" text="Description of Port" x="1196" y="105">
            <port_prop desc="null" inh="null" key="eparam" label="null" value="0"/>
            <port_prop desc="null" inh="null" key="waitingtmp" label="null" value="one"/>
            <port_prop desc="null" inh="null" key="waiting" label="null" value="one"/>
            <port_prop desc="null" inh="null" key="intname" label="null" value="parameter.input"/>
            <port_prop desc="null" inh="null" key="dpid" label="null" value="2"/>
            <port_prop desc="null" inh="null" key="pequaltype" label="null" value="0"/>
         </input>
         <input name="PORT0" prejob="BamIndexer" preoutput="1" seq="0" text="Description of Port" x="1196" y="74">
            <port_prop desc="null" inh="null" key="eparam" label="null" value="0"/>
            <port_prop desc="null" inh="null" key="waitingtmp" label="null" value="one"/>
            <port_prop desc="null" inh="null" key="waiting" label="null" value="one"/>
            <port_prop desc="null" inh="null" key="intname" label="null" value="workflow.input"/>
            <port_prop desc="null" inh="null" key="dpid" label="null" value="0"/>
            <port_prop desc="null" inh="null" key="pequaltype" label="null" value="0"/>
         </input>
         <output name="PORT1" seq="1" text="Description of Port" x="1196" y="121">
            <port_prop desc="null" inh="null" key="maincount0" label="null" value="1"/>
            <port_prop desc="null" inh="null" key="intname" label="null" value="workflow.output"/>
            <port_prop desc="null" inh="null" key="type0" label="null" value="permament"/>
            <port_prop desc="null" inh="null" key="maincount" label="null" value="1"/>
         </output>
         <execute desc="null" inh="null" key="binary" label="null" value="C:/fakepath/workflow_runner.py"/>
         <execute desc="null" inh="null" key="gridtype" label="null" value="local"/>
         <execute desc="null" inh="null" key="jobistype" label="null" value="binary"/>
         <execute desc="null" inh="null" key="grid" label="null" value="dci-bridge host(64bit)"/>
         <execute desc="null" inh="null" key="params" label="null" value="--program mapping statistics --result"/>
         <execute desc="null" inh="null" key="type" label="null" value="Sequence"/>
         <history mdyid="modify.job.params" nvalue="--program mapping statistics --result" ovalue="--program mapping statistics" port="-" tim="2013-10-22-20:45:33" user="11310"/>
         <history mdyid="new.output.type0" nvalue="permament" ovalue="" port="1" tim="2013-10-17-16:21:12" user="11310"/>
         <history mdyid="new.output.maincount0" nvalue="1" ovalue="" port="1" tim="2013-10-17-16:21:12" user="11310"/>
         <history mdyid="modify.output.intname" nvalue="workflow.output" ovalue="PORT1" port="1" tim="2013-10-17-16:21:12" user="11310"/>
         <history mdyid="new.job.params" nvalue="--program mapping statistics" ovalue="" port="-" tim="2013-10-17-16:21:12" user="11310"/>
         <history mdyid="new.job.grid" nvalue="dci-bridge host(64bit)" ovalue="" port="-" tim="2013-10-17-16:21:12" user="11310"/>
         <history mdyid="new.job.jobistype" nvalue="binary" ovalue="" port="-" tim="2013-10-17-16:21:12" user="11310"/>
         <history mdyid="new.job.binary" nvalue="C:/fakepath/workflow_runner.py" ovalue="" port="-" tim="2013-10-17-16:21:12" user="11310"/>
         <history mdyid="new.job.gridtype" nvalue="local" ovalue="" port="-" tim="2013-10-17-16:21:12" user="11310"/>
         <history mdyid="new.input.pequaltype" nvalue="0" ovalue="" port="2" tim="2013-10-17-16:21:12" user="11310"/>
         <history mdyid="new.input.dpid" nvalue="2" ovalue="" port="2" tim="2013-10-17-16:21:12" user="11310"/>
         <history mdyid="new.input.intname" nvalue="parameter.input" ovalue="" port="2" tim="2013-10-17-16:21:12" user="11310"/>
         <history mdyid="new.input.waiting" nvalue="one" ovalue="" port="2" tim="2013-10-17-16:21:12" user="11310"/>
         <history mdyid="new.input.waitingtmp" nvalue="one" ovalue="" port="2" tim="2013-10-17-16:21:12" user="11310"/>
         <history mdyid="new.input.eparam" nvalue="0" ovalue="" port="2" tim="2013-10-17-16:21:12" user="11310"/>
         <history mdyid="new.input.pequaltype" nvalue="0" ovalue="" port="0" tim="2013-10-17-16:21:12" user="11310"/>
         <history mdyid="new.input.dpid" nvalue="0" ovalue="" port="0" tim="2013-10-17-16:21:12" user="11310"/>
         <history mdyid="new.input.intname" nvalue="workflow.input" ovalue="" port="0" tim="2013-10-17-16:21:12" user="11310"/>
         <history mdyid="new.input.waiting" nvalue="one" ovalue="" port="0" tim="2013-10-17-16:21:12" user="11310"/>
         <history mdyid="new.input.waitingtmp" nvalue="one" ovalue="" port="0" tim="2013-10-17-16:21:12" user="11310"/>
         <history mdyid="new.input.eparam" nvalue="0" ovalue="" port="0" tim="2013-10-17-16:21:12" user="11310"/>
         <history mdyid="new.job.type" nvalue="Sequence" ovalue="" port="-" tim="2013-10-17-16:21:12" user="11310"/>
      </job>
      <job name="Parameters" text="Description of Job" x="735" y="271">
         <input name="PORT1" prejob="Initiator" preoutput="2" seq="1" text="Description of Port" x="720" y="270">
            <port_prop desc="null" inh="null" key="eparam" label="null" value="0"/>
            <port_prop desc="null" inh="null" key="waitingtmp" label="null" value="one"/>
            <port_prop desc="null" inh="null" key="waiting" label="null" value="one"/>
            <port_prop desc="null" inh="null" key="intname" label="null" value="Parameters"/>
            <port_prop desc="null" inh="null" key="dpid" label="null" value="1"/>
            <port_prop desc="null" inh="null" key="pequaltype" label="null" value="0"/>
         </input>
         <output name="PORT0" seq="0" text="Description of Port" x="781" y="256">
            <port_prop desc="null" inh="null" key="maincount0" label="null" value="1"/>
            <port_prop desc="null" inh="null" key="type0" label="null" value="permament"/>
            <port_prop desc="null" inh="null" key="intname" label="null" value="parameter.input"/>
            <port_prop desc="null" inh="null" key="maincount" label="null" value="1"/>
         </output>
         <execute desc="null" inh="null" key="binary" label="null" value="C:/fakepath/ParameterHandler.py"/>
         <execute desc="null" inh="null" key="gridtype" label="null" value="local"/>
         <execute desc="null" inh="null" key="jobistype" label="null" value="binary"/>
         <execute desc="null" inh="null" key="grid" label="null" value="dci-bridge host(64bit)"/>
         <execute desc="null" inh="null" key="params" label="null" value="Parameters"/>
         <execute desc="null" inh="null" key="type" label="null" value="Sequence"/>
         <history mdyid="new.input.waitingtmp" nvalue="one" ovalue="" port="1" tim="2013-10-17-16:16:36" user="11310"/>
         <history mdyid="new.input.waiting" nvalue="one" ovalue="" port="1" tim="2013-10-17-16:16:36" user="11310"/>
         <history mdyid="new.input.intname" nvalue="Parameters" ovalue="" port="1" tim="2013-10-17-16:16:36" user="11310"/>
         <history mdyid="new.input.eparam" nvalue="0" ovalue="" port="1" tim="2013-10-17-16:16:36" user="11310"/>
         <history mdyid="new.job.type" nvalue="Sequence" ovalue="" port="-" tim="2013-10-17-16:16:36" user="11310"/>
         <history mdyid="new.job.params" nvalue="Parameters" ovalue="" port="-" tim="2013-10-17-16:16:36" user="11310"/>
         <history mdyid="new.job.grid" nvalue="dci-bridge host(64bit)" ovalue="" port="-" tim="2013-10-17-16:16:36" user="11310"/>
         <history mdyid="new.job.jobistype" nvalue="binary" ovalue="" port="-" tim="2013-10-17-16:16:36" user="11310"/>
         <history mdyid="new.job.gridtype" nvalue="local" ovalue="" port="-" tim="2013-10-17-16:16:36" user="11310"/>
         <history mdyid="new.job.binary" nvalue="C:/fakepath/ParameterHandler.py" ovalue="" port="-" tim="2013-10-17-16:16:36" user="11310"/>
         <history mdyid="new.output.type0" nvalue="permament" ovalue="" port="0" tim="2013-10-17-16:16:36" user="11310"/>
         <history mdyid="new.output.maincount0" nvalue="1" ovalue="" port="0" tim="2013-10-17-16:16:36" user="11310"/>
         <history mdyid="modify.output.intname" nvalue="parameter.input" ovalue="PORT0" port="0" tim="2013-10-17-16:16:36" user="11310"/>
         <history mdyid="new.input.pequaltype" nvalue="0" ovalue="" port="1" tim="2013-10-17-16:16:36" user="11310"/>
         <history mdyid="new.input.dpid" nvalue="1" ovalue="" port="1" tim="2013-10-17-16:16:36" user="11310"/>
      </job>
      <job name="SamToBamConverter" text="Description of Job" x="905" y="72">
         <input name="PORT0" prejob="BwaSampe" preoutput="2" seq="0" text="Description of Port" x="890" y="71">
            <port_prop desc="null" inh="null" key="eparam" label="null" value="0"/>
            <port_prop desc="null" inh="null" key="waitingtmp" label="null" value="one"/>
            <port_prop desc="null" inh="null" key="waiting" label="null" value="one"/>
            <port_prop desc="null" inh="null" key="intname" label="null" value="workflow.input"/>
            <port_prop desc="null" inh="null" key="dpid" label="null" value="0"/>
            <port_prop desc="null" inh="null" key="pequaltype" label="null" value="0"/>
         </input>
         <input name="PORT1" prejob="Parameters" preoutput="0" seq="1" text="Description of Port" x="904" y="132">
            <port_prop desc="null" inh="null" key="eparam" label="null" value="0"/>
            <port_prop desc="null" inh="null" key="waitingtmp" label="null" value="one"/>
            <port_prop desc="null" inh="null" key="waiting" label="null" value="one"/>
            <port_prop desc="null" inh="null" key="intname" label="null" value="parameter.input"/>
            <port_prop desc="null" inh="null" key="dpid" label="null" value="1"/>
            <port_prop desc="null" inh="null" key="pequaltype" label="null" value="0"/>
         </input>
         <output name="PORT2" seq="2" text="Description of Port" x="965" y="71">
            <port_prop desc="null" inh="null" key="maincount0" label="null" value="1"/>
            <port_prop desc="null" inh="null" key="intname" label="null" value="workflow.output"/>
            <port_prop desc="null" inh="null" key="type0" label="null" value="permament"/>
            <port_prop desc="null" inh="null" key="maincount" label="null" value="1"/>
         </output>
         <execute desc="null" inh="null" key="binary" label="null" value="C:/fakepath/workflow_runner.py"/>
         <execute desc="null" inh="null" key="gridtype" label="null" value="local"/>
         <execute desc="null" inh="null" key="jobistype" label="null" value="binary"/>
         <execute desc="null" inh="null" key="grid" label="null" value="dci-bridge host(64bit)"/>
         <execute desc="null" inh="null" key="params" label="null" value="--program sam-to-bam"/>
         <execute desc="null" inh="null" key="type" label="null" value="Sequence"/>
         <history mdyid="new.job.grid" nvalue="dci-bridge host(64bit)" ovalue="" port="-" tim="2013-10-17-16:19:45" user="11310"/>
         <history mdyid="new.job.jobistype" nvalue="binary" ovalue="" port="-" tim="2013-10-17-16:19:45" user="11310"/>
         <history mdyid="new.job.binary" nvalue="C:/fakepath/workflow_runner.py" ovalue="" port="-" tim="2013-10-17-16:19:45" user="11310"/>
         <history mdyid="new.job.gridtype" nvalue="local" ovalue="" port="-" tim="2013-10-17-16:19:45" user="11310"/>
         <history mdyid="new.output.type0" nvalue="permament" ovalue="" port="2" tim="2013-10-17-16:19:45" user="11310"/>
         <history mdyid="new.output.maincount0" nvalue="1" ovalue="" port="2" tim="2013-10-17-16:19:45" user="11310"/>
         <history mdyid="modify.output.intname" nvalue="workflow.output" ovalue="PORT2" port="2" tim="2013-10-17-16:19:45" user="11310"/>
         <history mdyid="new.input.pequaltype" nvalue="0" ovalue="" port="1" tim="2013-10-17-16:19:45" user="11310"/>
         <history mdyid="new.input.dpid" nvalue="1" ovalue="" port="1" tim="2013-10-17-16:19:45" user="11310"/>
         <history mdyid="new.input.intname" nvalue="parameter.input" ovalue="" port="1" tim="2013-10-17-16:19:45" user="11310"/>
         <history mdyid="new.input.waiting" nvalue="one" ovalue="" port="1" tim="2013-10-17-16:19:45" user="11310"/>
         <history mdyid="new.input.waitingtmp" nvalue="one" ovalue="" port="1" tim="2013-10-17-16:19:45" user="11310"/>
         <history mdyid="new.input.eparam" nvalue="0" ovalue="" port="1" tim="2013-10-17-16:19:45" user="11310"/>
         <history mdyid="new.input.pequaltype" nvalue="0" ovalue="" port="0" tim="2013-10-17-16:19:45" user="11310"/>
         <history mdyid="new.input.dpid" nvalue="0" ovalue="" port="0" tim="2013-10-17-16:19:45" user="11310"/>
         <history mdyid="new.input.intname" nvalue="workflow.input" ovalue="" port="0" tim="2013-10-17-16:19:45" user="11310"/>
         <history mdyid="new.input.waiting" nvalue="one" ovalue="" port="0" tim="2013-10-17-16:19:45" user="11310"/>
         <history mdyid="new.input.waitingtmp" nvalue="one" ovalue="" port="0" tim="2013-10-17-16:19:45" user="11310"/>
         <history mdyid="new.input.eparam" nvalue="0" ovalue="" port="0" tim="2013-10-17-16:19:45" user="11310"/>
         <history mdyid="new.job.type" nvalue="Sequence" ovalue="" port="-" tim="2013-10-17-16:19:45" user="11310"/>
         <history mdyid="new.job.params" nvalue="--program sam-to-bam" ovalue="" port="-" tim="2013-10-17-16:19:45" user="11310"/>
      </job>
      <instances>
         <instance name="wftype" rtid="*" value="zen"/>
         <instance name="status" rtid="355764366217235zentest" value="7"/>
         <instance name="text" rtid="355764366217235zentest" value="2013-10-22 20:45"/>
         <instance name="storage" rtid="355764366217235zentest" value="http://localhost:8080/storage"/>
         <instance name="status" rtid="334735965193995zentest" value="7"/>
         <instance name="storage" rtid="334735965193995zentest" value="http://localhost:8080/storage"/>
         <instance name="text" rtid="334735965193995zentest" value="2013-10-22 14:55"/>
         <jobstatus job="DSS-Client" pid="0" resource="dci-bridge host(64bit)" rtid="334735965193995zentest" status="6"/>
         <jobstatus job="DSS-Client" pid="0" resource="dci-bridge host(64bit)" rtid="355764366217235zentest" status="6"/>
         <jobstatus job="Parameters" pid="0" resource="dci-bridge host(64bit)" rtid="334735965193995zentest" status="6"/>
         <jobstatus job="Parameters" pid="0" resource="dci-bridge host(64bit)" rtid="355764366217235zentest" status="6"/>
         <jobstatus job="BwaAln" pid="0" resource="dci-bridge host(64bit)" rtid="334735965193995zentest" status="6"/>
         <jobstatus job="BwaAln" pid="1" resource="dci-bridge host(64bit)" rtid="334735965193995zentest" status="6"/>
         <jobstatus job="BwaAln" pid="0" resource="dci-bridge host(64bit)" rtid="355764366217235zentest" status="6"/>
         <jobstatus job="BwaAln" pid="1" resource="dci-bridge host(64bit)" rtid="355764366217235zentest" status="6"/>
         <jobstatus job="BwaSampe" pid="0" resource="dci-bridge host(64bit)" rtid="334735965193995zentest" status="6"/>
         <jobstatus job="BwaSampe" pid="0" resource="dci-bridge host(64bit)" rtid="355764366217235zentest" status="7"/>
         <jobstatus job="GarbageCollector" pid="0" resource="gUSE-wfi" rtid="334735965193995zentest" status="99"/>
         <jobstatus job="GarbageCollector" pid="0" resource="gUSE-wfi" rtid="355764366217235zentest" status="99"/>
         <jobstatus job="SamToBamConverter" pid="0" resource="dci-bridge host(64bit)" rtid="334735965193995zentest" status="6"/>
         <jobstatus job="SamToBamConverter" pid="0" resource="gUSE-wfi" rtid="355764366217235zentest" status="99"/>
         <jobstatus job="MappingStatistics" pid="0" resource="gUSE-wfi" rtid="334735965193995zentest" status="99"/>
         <jobstatus job="MappingStatistics" pid="0" resource="gUSE-wfi" rtid="355764366217235zentest" status="99"/>
         <jobstatus job="Initiator" pid="0" resource="dci-bridge host(64bit)" rtid="334735965193995zentest" status="6"/>
         <jobstatus job="Initiator" pid="0" resource="dci-bridge host(64bit)" rtid="355764366217235zentest" status="6"/>
         <jobstatus job="BwaAlnCollector" pid="0" resource="dci-bridge host(64bit)" rtid="334735965193995zentest" status="6"/>
         <jobstatus job="BwaAlnCollector" pid="0" resource="dci-bridge host(64bit)" rtid="355764366217235zentest" status="6"/>
         <jobstatus job="BamIndexer" pid="0" resource="dci-bridge host(64bit)" rtid="334735965193995zentest" status="7"/>
         <jobstatus job="BamIndexer" pid="0" resource="gUSE-wfi" rtid="355764366217235zentest" status="99"/>
      </instances>
   </real>
</workflow>
