<?xml version="1.0" encoding="UTF-8" standalone="no"?>
<workflow download="all" export="work" mainabst="" maingraf="test_4" mainreal="iPortalDatasetAndParameterTest" name="iPortalDatasetAndParameterTest">
   <graf name="test_4" text="Description of Graph">
      <job name="WorkflowInitiator" text="Initiates the workflow. Prepares Parameters and Datasets" x="66" y="115">
         <input name="DataSet" prejob="" preoutput="" seq="0" text="OpenBis DataSet files or codes" x="65" y="100"/>
         <input name="Parameters" prejob="" preoutput="" seq="1" text="Parameters for the Workflow" x="81" y="100"/>
         <output name="Output" seq="2" text="Do not know yet" x="96" y="100"/>
      </job>
   </graf>
   <real abst="" graf="test_4" name="iPortalDatasetAndParameterTest" text="2013-6-27">
      <job name="WorkflowInitiator" text="Initiates the workflow. Prepares Parameters and Datasets" x="66" y="115">
         <input name="DataSet" prejob="" preoutput="" seq="0" text="OpenBis DataSet files or codes" x="65" y="100">
            <port_prop desc="null" inh="null" key="eparam" label="null" value="0"/>
            <port_prop desc="null" inh="null" key="file" label="null" value="C:/fakepath/experiment.py"/>
            <port_prop desc="null" inh="null" key="intname" label="null" value="DataSet"/>
            <port_prop desc="null" inh="null" key="dpid" label="null" value="0"/>
            <port_prop desc="null" inh="null" key="pequaltype" label="null" value="0"/>
         </input>
         <input name="Parameters" prejob="" preoutput="" seq="1" text="Parameters for the Workflow" x="81" y="100">
            <port_prop desc="null" inh="null" key="eparam" label="null" value="0"/>
            <port_prop desc="null" inh="null" key="file" label="null" value="C:/fakepath/transitions.py"/>
            <port_prop desc="null" inh="null" key="intname" label="null" value="Parameters"/>
            <port_prop desc="null" inh="null" key="dpid" label="null" value="1"/>
            <port_prop desc="null" inh="null" key="pequaltype" label="null" value="0"/>
         </input>
         <output name="Output" seq="2" text="Do not know yet" x="96" y="100">
            <port_prop desc="null" inh="null" key="maincount0" label="null" value="1"/>
            <port_prop desc="null" inh="null" key="intname" label="null" value="Output"/>
            <port_prop desc="null" inh="null" key="type0" label="null" value="permament"/>
            <port_prop desc="null" inh="null" key="maincount" label="null" value="1"/>
         </output>
         <execute desc="null" inh="null" key="binary" label="null" value="C:/fakepath/iportalScript.py"/>
         <execute desc="null" inh="null" key="gridtype" label="null" value="local"/>
         <execute desc="null" inh="null" key="jobistype" label="null" value="binary"/>
         <execute desc="null" inh="null" key="grid" label="null" value="dci-bridge host(64bit)"/>
         <execute desc="null" inh="null" key="params" label="null" value="DataSet Parameters"/>
         <execute desc="null" inh="null" key="type" label="null" value="Sequence"/>
         <history mdyid="new.job.params" nvalue="DataSet Parameters" ovalue="" port="-" tim="2013-06-27-14:42:51" user="11310"/>
         <history mdyid="delete.job.params" nvalue="" ovalue="DataSet Parameters" port="-" tim="2013-06-27-13:40:03" user="11310"/>
         <history mdyid="new.input.file" nvalue="C:/fakepath/experiment.py" ovalue="" port="0" tim="2013-06-27-13:28:20" user="11310"/>
         <history mdyid="new.input.file" nvalue="C:/fakepath/transitions.py" ovalue="" port="1" tim="2013-06-27-13:28:20" user="11310"/>
         <history mdyid="new.job.gridtype" nvalue="local" ovalue="" port="-" tim="2013-06-27-13:17:26" user="11310"/>
         <history mdyid="new.job.binary" nvalue="C:/fakepath/iportalScript.py" ovalue="" port="-" tim="2013-06-27-13:17:26" user="11310"/>
         <history mdyid="new.job.jobistype" nvalue="binary" ovalue="" port="-" tim="2013-06-27-13:17:26" user="11310"/>
         <history mdyid="new.job.grid" nvalue="dci-bridge host(64bit)" ovalue="" port="-" tim="2013-06-27-13:17:26" user="11310"/>
         <history mdyid="new.job.params" nvalue="DataSet Parameters" ovalue="" port="-" tim="2013-06-27-13:17:26" user="11310"/>
         <history mdyid="new.job.type" nvalue="Sequence" ovalue="" port="-" tim="2013-06-27-13:17:26" user="11310"/>
         <history mdyid="new.input.eparam" nvalue="0" ovalue="" port="0" tim="2013-06-27-13:17:26" user="11310"/>
         <history mdyid="new.input.intname" nvalue="DataSet" ovalue="" port="0" tim="2013-06-27-13:17:26" user="11310"/>
         <history mdyid="new.input.dpid" nvalue="0" ovalue="" port="0" tim="2013-06-27-13:17:26" user="11310"/>
         <history mdyid="new.input.pequaltype" nvalue="0" ovalue="" port="0" tim="2013-06-27-13:17:26" user="11310"/>
         <history mdyid="new.input.eparam" nvalue="0" ovalue="" port="1" tim="2013-06-27-13:17:26" user="11310"/>
         <history mdyid="new.input.intname" nvalue="Parameters" ovalue="" port="1" tim="2013-06-27-13:17:26" user="11310"/>
         <history mdyid="new.input.dpid" nvalue="1" ovalue="" port="1" tim="2013-06-27-13:17:26" user="11310"/>
         <history mdyid="new.input.pequaltype" nvalue="0" ovalue="" port="1" tim="2013-06-27-13:17:26" user="11310"/>
         <history mdyid="new.output.maincount0" nvalue="1" ovalue="" port="2" tim="2013-06-27-13:17:26" user="11310"/>
         <history mdyid="new.output.intname" nvalue="Output" ovalue="" port="2" tim="2013-06-27-13:17:26" user="11310"/>
         <history mdyid="new.output.type0" nvalue="permament" ovalue="" port="2" tim="2013-06-27-13:17:26" user="11310"/>
         <history mdyid="new.output.maincount" nvalue="1" ovalue="" port="2" tim="2013-06-27-13:17:26" user="11310"/>
      </job>
      <instances>
         <instance name="wftype" rtid="*" value="zen"/>
         <instance name="storage" rtid="499652707533458zentest" value="http://localhost:8080/storage"/>
         <instance name="text" rtid="499652707533458zentest" value="2013-6-27 13:28"/>
         <instance name="status" rtid="499652707533458zentest" value="7"/>
         <instance name="storage" rtid="500117345018058zentest" value="http://localhost:8080/storage"/>
         <instance name="text" rtid="500117345018058zentest" value="2013-6-27 13:36"/>
         <instance name="status" rtid="500117345018058zentest" value="6"/>
         <instance name="storage" rtid="500357808161520zentest" value="http://localhost:8080/storage"/>
         <instance name="text" rtid="500357808161520zentest" value="2013-6-27 13:40"/>
         <instance name="status" rtid="500357808161520zentest" value="6"/>
         <instance name="storage" rtid="504114757530877zentest" value="http://localhost:8080/storage"/>
         <instance name="text" rtid="504114757530877zentest" value="2013-6-27 14:42"/>
         <instance name="status" rtid="504114757530877zentest" value="6"/>
         <instance name="storage" rtid="504899466606952zentest" value="http://localhost:8080/storage"/>
         <instance name="text" rtid="504899466606952zentest" value="2013-6-27 14:56"/>
         <instance name="status" rtid="504899466606952zentest" value="6"/>
         <jobstatus job="WorkflowInitiator" pid="0" resource="dci-bridge host(64bit)" rtid="499652707533458zentest" status="7"/>
         <jobstatus job="WorkflowInitiator" pid="0" resource="dci-bridge host(64bit)" rtid="500117345018058zentest" status="6"/>
         <jobstatus job="WorkflowInitiator" pid="0" resource="dci-bridge host(64bit)" rtid="500357808161520zentest" status="6"/>
         <jobstatus job="WorkflowInitiator" pid="0" resource="dci-bridge host(64bit)" rtid="504114757530877zentest" status="6"/>
         <jobstatus job="WorkflowInitiator" pid="0" resource="dci-bridge host(64bit)" rtid="504899466606952zentest" status="6"/>
      </instances>
   </real>
</workflow>
