<?xml version="1.0" encoding="UTF-8" standalone="no"?>
<workflow download="all" export="work" mainabst="" maingraf="labelfree_03_2013-02-06-150821" mainreal="labelfree_03_2013-02-06-150821" name="labelfree_03_2013-02-06-150821">
   <graf name="labelfree_03_2013-02-06-150821" text="Description of Graph">
      <job name="FileGenerator" text="Description of Job" x="19" y="70">
         <input name="input" prejob="" preoutput="" seq="0" text="Description of Port" x="34" y="55"/>
         <output name="velos.mzml" seq="1" text="Description of Port" x="79" y="116"/>
      </job>
      <job name="OMSSAAdapter" text="Description of Job" x="120" y="11">
         <input name="velos.mzml" prejob="FileGenerator" preoutput="1" seq="0" text="Description of Port" x="119" y="71"/>
         <output name="velos.idxml" seq="1" text="Description of Port" x="180" y="10"/>
      </job>
      <job name="IDPosteriorErrorProbability" text="Description of Job" x="220" y="10">
         <input name="velos.idxml" prejob="OMSSAAdapter" preoutput="1" seq="0" text="Description of Port" x="205" y="9"/>
         <output name="velosidpep.idxml" seq="1" text="Description of Port" x="280" y="56"/>
      </job>
      <job name="XTandemAdapter" text="Description of Job" x="121" y="114">
         <input name="velos.mzml" prejob="FileGenerator" preoutput="1" seq="0" text="Description of Port" x="106" y="113"/>
         <output name="velos.idxml" seq="1" text="Description of Port" x="181" y="113"/>
      </job>
      <job name="IDPosteriorErrorProbability2" text="Description of Job" x="222" y="119">
         <input name="velos.idxml" prejob="XTandemAdapter" preoutput="1" seq="0" text="Description of Port" x="207" y="118"/>
         <output name="velosidpep.idxml" seq="1" text="Description of Port" x="282" y="118"/>
      </job>
      <job name="IDMerger" text="Description of Job" x="328" y="73">
         <input name="velosidpep1.idxml" prejob="IDPosteriorErrorProbability" preoutput="1" seq="0" text="Description of Port" x="313" y="72"/>
         <input name="velosidpep2.idxml" prejob="IDPosteriorErrorProbability2" preoutput="1" seq="2" text="Description of Port" x="313" y="119"/>
         <output name="velos.idxml" seq="1" text="Description of Port" x="388" y="72"/>
      </job>
      <job name="FeatureFinderCentroided" text="Description of Job" x="121" y="217">
         <input name="velos.mzml" prejob="FileGenerator" preoutput="1" seq="0" text="Description of Port" x="120" y="202"/>
         <output name="velos.featurexml" seq="1" text="Description of Port" x="181" y="232"/>
      </job>
      <job name="ConsensusID" text="Description of Job" x="471" y="70">
         <input name="input.idxml" prejob="IDMerger" preoutput="1" seq="0" text="Description of Port" x="456" y="69"/>
         <output name="output.idxml" seq="1" text="Description of Port" x="531" y="69"/>
      </job>
      <job name="PeptideIndexer" text="Description of Job" x="576" y="70">
         <input name="input.idxml" prejob="ConsensusID" preoutput="1" seq="0" text="Description of Port" x="561" y="69"/>
         <output name="output.idxml" seq="1" text="Description of Port" x="636" y="116"/>
      </job>
      <job name="FalseDiscoveryRate" text="Description of Job" x="686" y="70">
         <input name="input.idxml" prejob="PeptideIndexer" preoutput="1" seq="0" text="Description of Port" x="671" y="116"/>
         <output name="output.idxml" seq="1" text="Description of Port" x="746" y="85"/>
      </job>
      <job name="IDFilter" text="Description of Job" x="799" y="80">
         <input name="input.idxml" prejob="FalseDiscoveryRate" preoutput="1" seq="0" text="Description of Port" x="784" y="79"/>
         <output name="output.idxml" seq="1" text="Description of Port" x="784" y="126"/>
      </job>
      <job name="IDMapper" text="Description of Job" x="416" y="229">
         <input name="id.featurexml" prejob="FeatureFinderCentroided" preoutput="1" seq="0" text="Description of Port" x="401" y="228"/>
         <input name="idfilter.idxml" prejob="IDFilter" preoutput="1" seq="1" text="Description of Port" x="476" y="228"/>
         <output name="output.featurexml" seq="2" text="Description of Port" x="401" y="275"/>
      </job>
      <job name="MapAlignerPoseClustering" text="Description of Job" x="291" y="354">
         <input name="input.featurexml" prejob="IDMapper" preoutput="2" seq="0" text="Description of Port" x="337" y="339"/>
         <output name="mapper1.featurexml" seq="1" text="Description of Port" x="351" y="353"/>
         <output name="mapper2.featurexml" seq="2" text="Description of Port" x="351" y="369"/>
         <output name="mapper3.featurexml" seq="3" text="Description of Port" x="351" y="384"/>
      </job>
      <job name="TextExporter" text="Description of Job" x="646" y="351">
         <input name="all.consensusxml" prejob="ConsensusMapNormalizer" preoutput="1" seq="0" text="Description of Port" x="631" y="350"/>
         <output name="all.csv" seq="1" text="Description of Port" x="661" y="336"/>
      </job>
      <job name="FeatureLinkerUnlabeledQT" text="Description of Job" x="410" y="353">
         <input name="mapper1.featurexml" prejob="MapAlignerPoseClustering" preoutput="1" seq="0" text="Description of Port" x="395" y="352"/>
         <input name="mapper2.featurexml" prejob="MapAlignerPoseClustering" preoutput="2" seq="1" text="Description of Port" x="395" y="368"/>
         <input name="mapper3.featurexml" prejob="MapAlignerPoseClustering" preoutput="3" seq="2" text="Description of Port" x="395" y="383"/>
         <output name="all.consensusxml" seq="3" text="Description of Port" x="470" y="352"/>
      </job>
      <job name="ConsensusMapNormalizer" text="Description of Job" x="525" y="348">
         <input name="featlinker.consensusxml" prejob="FeatureLinkerUnlabeledQT" preoutput="3" seq="0" text="Description of Port" x="510" y="347"/>
         <output name="all.consensusxml" seq="1" text="Description of Port" x="585" y="347"/>
      </job>
   </graf>
   <real abst="" graf="labelfree_03_2013-02-06-150821" name="labelfree_03_2013-02-06-150821" text="2013-2-5">
      <job name="ConsensusID" text="Description of Job" x="471" y="70">
         <input name="input.idxml" prejob="IDMerger" preoutput="1" seq="0" text="Description of Port" x="456" y="69">
            <port_prop desc="null" inh="null" key="eparam" label="null" value="0"/>
            <port_prop desc="null" inh="null" key="waitingtmp" label="null" value="one"/>
            <port_prop desc="null" inh="null" key="waiting" label="null" value="one"/>
            <port_prop desc="null" inh="null" key="intname" label="null" value="input.idxml"/>
            <port_prop desc="null" inh="null" key="dpid" label="null" value="0"/>
            <port_prop desc="null" inh="null" key="pequaltype" label="null" value="0"/>
         </input>
         <output name="output.idxml" seq="1" text="Description of Port" x="531" y="69">
            <port_prop desc="null" inh="null" key="maincount0" label="null" value="1"/>
            <port_prop desc="null" inh="null" key="type0" label="null" value="permament"/>
            <port_prop desc="null" inh="null" key="intname" label="null" value="output.idxml"/>
            <port_prop desc="null" inh="null" key="maincount" label="null" value="1"/>
         </output>
         <execute desc="null" inh="null" key="gridtype" label="null" value="local"/>
         <execute desc="null" inh="null" key="binary" label="null" value="topprunner.py"/>
         <execute desc="null" inh="null" key="jobistype" label="null" value="binary"/>
         <execute desc="null" inh="null" key="grid" label="null" value="dci-bridge host(64bit)"/>
         <execute desc="null" inh="null" key="params" label="null" value="ConsensusID -in input.idxml -out output.idxml"/>
         <execute desc="null" inh="null" key="type" label="null" value="Sequence"/>
         <history mdyid="new.output.maincount0" nvalue="1" ovalue="" port="1" tim="2013-02-06-15:08:21" user="11310"/>
         <history mdyid="new.output.type0" nvalue="permament" ovalue="" port="1" tim="2013-02-06-15:08:21" user="11310"/>
         <history mdyid="new.input.pequaltype" nvalue="0" ovalue="" port="0" tim="2013-02-06-15:08:21" user="11310"/>
         <history mdyid="new.input.dpid" nvalue="0" ovalue="" port="0" tim="2013-02-06-15:08:21" user="11310"/>
         <history mdyid="new.input.waiting" nvalue="one" ovalue="" port="0" tim="2013-02-06-15:08:21" user="11310"/>
         <history mdyid="new.input.intname" nvalue="input.idxml" ovalue="" port="0" tim="2013-02-06-15:08:21" user="11310"/>
         <history mdyid="new.input.waitingtmp" nvalue="one" ovalue="" port="0" tim="2013-02-06-15:08:21" user="11310"/>
         <history mdyid="new.job.type" nvalue="Sequence" ovalue="" port="-" tim="2013-02-06-15:08:21" user="11310"/>
         <history mdyid="new.input.eparam" nvalue="0" ovalue="" port="0" tim="2013-02-06-15:08:21" user="11310"/>
         <history mdyid="new.job.params" nvalue="ConsensusID -in input.idxml -out output.idxml" ovalue="" port="-" tim="2013-02-06-15:08:21" user="11310"/>
         <history mdyid="new.job.grid" nvalue="dci-bridge host(64bit)" ovalue="" port="-" tim="2013-02-06-15:08:21" user="11310"/>
         <history mdyid="new.job.jobistype" nvalue="binary" ovalue="" port="-" tim="2013-02-06-15:08:21" user="11310"/>
         <history mdyid="new.job.binary" nvalue="topprunner.py" ovalue="" port="-" tim="2013-02-06-15:08:21" user="11310"/>
         <history mdyid="new.job.gridtype" nvalue="local" ovalue="" port="-" tim="2013-02-06-15:08:21" user="11310"/>
      </job>
      <job name="ConsensusMapNormalizer" text="Description of Job" x="525" y="348">
         <input name="featlinker.consensusxml" prejob="FeatureLinkerUnlabeledQT" preoutput="3" seq="0" text="Description of Port" x="510" y="347"/>
         <output name="all.consensusxml" seq="1" text="Description of Port" x="585" y="347">
            <port_prop desc="null" inh="null" key="intname" label="null" value="all.consensusxml"/>
            <port_prop desc="null" inh="null" key="maincount" label="null" value="1"/>
         </output>
         <execute desc="null" inh="null" key="binary" label="null" value="topprunner.py"/>
         <execute desc="null" inh="null" key="gridtype" label="null" value="local"/>
         <execute desc="null" inh="null" key="jobistype" label="null" value="binary"/>
         <execute desc="null" inh="null" key="grid" label="null" value="dci-bridge host(64bit)"/>
         <execute desc="null" inh="null" key="params" label="null" value="ConsensusMapNormalizer -in featlinker.consensusxml -out all.consensusxml"/>
         <execute desc="null" inh="null" key="type" label="null" value="Sequence"/>
         <history mdyid="new.job.gridtype" nvalue="local" ovalue="" port="-" tim="2013-02-06-15:08:21" user="11310"/>
         <history mdyid="new.job.binary" nvalue="topprunner.py" ovalue="" port="-" tim="2013-02-06-15:08:21" user="11310"/>
         <history mdyid="new.job.jobistype" nvalue="binary" ovalue="" port="-" tim="2013-02-06-15:08:21" user="11310"/>
         <history mdyid="new.job.grid" nvalue="dci-bridge host(64bit)" ovalue="" port="-" tim="2013-02-06-15:08:21" user="11310"/>
         <history mdyid="new.job.params" nvalue="ConsensusMapNormalizer -in featlinker.consensusxml -out all.consensusxml" ovalue="" port="-" tim="2013-02-06-15:08:21" user="11310"/>
         <history mdyid="new.job.type" nvalue="Sequence" ovalue="" port="-" tim="2013-02-06-15:08:21" user="11310"/>
      </job>
      <job name="FalseDiscoveryRate" text="Description of Job" x="686" y="70">
         <input name="input.idxml" prejob="PeptideIndexer" preoutput="1" seq="0" text="Description of Port" x="671" y="116">
            <port_prop desc="null" inh="null" key="eparam" label="null" value="0"/>
            <port_prop desc="null" inh="null" key="waitingtmp" label="null" value="one"/>
            <port_prop desc="null" inh="null" key="waiting" label="null" value="one"/>
            <port_prop desc="null" inh="null" key="intname" label="null" value="input.idxml"/>
            <port_prop desc="null" inh="null" key="dpid" label="null" value="0"/>
            <port_prop desc="null" inh="null" key="pequaltype" label="null" value="0"/>
         </input>
         <output name="output.idxml" seq="1" text="Description of Port" x="746" y="85">
            <port_prop desc="null" inh="null" key="maincount0" label="null" value="1"/>
            <port_prop desc="null" inh="null" key="type0" label="null" value="permament"/>
            <port_prop desc="null" inh="null" key="intname" label="null" value="output.idxml"/>
            <port_prop desc="null" inh="null" key="maincount" label="null" value="1"/>
         </output>
         <execute desc="null" inh="null" key="gridtype" label="null" value="local"/>
         <execute desc="null" inh="null" key="binary" label="null" value="topprunner.py"/>
         <execute desc="null" inh="null" key="jobistype" label="null" value="binary"/>
         <execute desc="null" inh="null" key="grid" label="null" value="dci-bridge host(64bit)"/>
         <execute desc="null" inh="null" key="params" label="null" value="FalseDiscoveryRate -in input.idxml -out output.idxml"/>
         <execute desc="null" inh="null" key="type" label="null" value="Sequence"/>
         <history mdyid="new.job.gridtype" nvalue="local" ovalue="" port="-" tim="2013-02-06-15:08:21" user="11310"/>
         <history mdyid="new.output.type0" nvalue="permament" ovalue="" port="1" tim="2013-02-06-15:08:21" user="11310"/>
         <history mdyid="new.output.maincount0" nvalue="1" ovalue="" port="1" tim="2013-02-06-15:08:21" user="11310"/>
         <history mdyid="new.input.pequaltype" nvalue="0" ovalue="" port="0" tim="2013-02-06-15:08:21" user="11310"/>
         <history mdyid="new.input.dpid" nvalue="0" ovalue="" port="0" tim="2013-02-06-15:08:21" user="11310"/>
         <history mdyid="new.input.intname" nvalue="input.idxml" ovalue="" port="0" tim="2013-02-06-15:08:21" user="11310"/>
         <history mdyid="new.input.waiting" nvalue="one" ovalue="" port="0" tim="2013-02-06-15:08:21" user="11310"/>
         <history mdyid="new.input.waitingtmp" nvalue="one" ovalue="" port="0" tim="2013-02-06-15:08:21" user="11310"/>
         <history mdyid="new.input.eparam" nvalue="0" ovalue="" port="0" tim="2013-02-06-15:08:21" user="11310"/>
         <history mdyid="new.job.type" nvalue="Sequence" ovalue="" port="-" tim="2013-02-06-15:08:21" user="11310"/>
         <history mdyid="new.job.params" nvalue="FalseDiscoveryRate -in input.idxml -out output.idxml" ovalue="" port="-" tim="2013-02-06-15:08:21" user="11310"/>
         <history mdyid="new.job.grid" nvalue="dci-bridge host(64bit)" ovalue="" port="-" tim="2013-02-06-15:08:21" user="11310"/>
         <history mdyid="new.job.jobistype" nvalue="binary" ovalue="" port="-" tim="2013-02-06-15:08:21" user="11310"/>
         <history mdyid="new.job.binary" nvalue="topprunner.py" ovalue="" port="-" tim="2013-02-06-15:08:21" user="11310"/>
      </job>
      <job name="FeatureFinderCentroided" text="Description of Job" x="121" y="217">
         <input name="velos.mzml" prejob="FileGenerator" preoutput="1" seq="0" text="Description of Port" x="120" y="202">
            <port_prop desc="null" inh="null" key="eparam" label="null" value="0"/>
            <port_prop desc="null" inh="null" key="waitingtmp" label="null" value="one"/>
            <port_prop desc="null" inh="null" key="waiting" label="null" value="one"/>
            <port_prop desc="null" inh="null" key="intname" label="null" value="input"/>
            <port_prop desc="null" inh="null" key="dpid" label="null" value="0"/>
            <port_prop desc="null" inh="null" key="pequaltype" label="null" value="0"/>
         </input>
         <output name="velos.featurexml" seq="1" text="Description of Port" x="181" y="232">
            <port_prop desc="null" inh="null" key="maincount0" label="null" value="1"/>
            <port_prop desc="null" inh="null" key="intname" label="null" value="velos.featurexml"/>
            <port_prop desc="null" inh="null" key="type0" label="null" value="permament"/>
            <port_prop desc="null" inh="null" key="maincount" label="null" value="1"/>
         </output>
         <execute desc="null" inh="null" key="gridtype" label="null" value="local"/>
         <execute desc="null" inh="null" key="binary" label="null" value="topprunner.py"/>
         <execute desc="null" inh="null" key="jobistype" label="null" value="binary"/>
         <execute desc="null" inh="null" key="grid" label="null" value="dci-bridge host(64bit)"/>
         <execute desc="null" inh="null" key="params" label="null" value="FeatureFinderCentroided -out velos.featurexml"/>
         <execute desc="null" inh="null" key="type" label="null" value="Sequence"/>
         <history mdyid="new.output.type0" nvalue="permament" ovalue="" port="1" tim="2013-02-06-15:08:21" user="11310"/>
         <history mdyid="new.output.maincount0" nvalue="1" ovalue="" port="1" tim="2013-02-06-15:08:21" user="11310"/>
         <history mdyid="new.input.pequaltype" nvalue="0" ovalue="" port="0" tim="2013-02-06-15:08:21" user="11310"/>
         <history mdyid="new.input.dpid" nvalue="0" ovalue="" port="0" tim="2013-02-06-15:08:21" user="11310"/>
         <history mdyid="new.input.intname" nvalue="input" ovalue="" port="0" tim="2013-02-06-15:08:21" user="11310"/>
         <history mdyid="new.input.waiting" nvalue="one" ovalue="" port="0" tim="2013-02-06-15:08:21" user="11310"/>
         <history mdyid="new.input.waitingtmp" nvalue="one" ovalue="" port="0" tim="2013-02-06-15:08:21" user="11310"/>
         <history mdyid="new.input.eparam" nvalue="0" ovalue="" port="0" tim="2013-02-06-15:08:21" user="11310"/>
         <history mdyid="new.job.type" nvalue="Sequence" ovalue="" port="-" tim="2013-02-06-15:08:21" user="11310"/>
         <history mdyid="new.job.params" nvalue="FeatureFinderCentroided -out velos.featurexml" ovalue="" port="-" tim="2013-02-06-15:08:21" user="11310"/>
         <history mdyid="new.job.grid" nvalue="dci-bridge host(64bit)" ovalue="" port="-" tim="2013-02-06-15:08:21" user="11310"/>
         <history mdyid="new.job.jobistype" nvalue="binary" ovalue="" port="-" tim="2013-02-06-15:08:21" user="11310"/>
         <history mdyid="new.job.binary" nvalue="topprunner.py" ovalue="" port="-" tim="2013-02-06-15:08:21" user="11310"/>
         <history mdyid="new.job.gridtype" nvalue="local" ovalue="" port="-" tim="2013-02-06-15:08:21" user="11310"/>
      </job>
      <job name="FeatureLinkerUnlabeledQT" text="Description of Job" x="410" y="353">
         <input name="mapper1.featurexml" prejob="MapAlignerPoseClustering" preoutput="1" seq="0" text="Description of Port" x="395" y="352"/>
         <input name="mapper2.featurexml" prejob="MapAlignerPoseClustering" preoutput="2" seq="1" text="Description of Port" x="395" y="368"/>
         <input name="mapper3.featurexml" prejob="MapAlignerPoseClustering" preoutput="3" seq="2" text="Description of Port" x="395" y="383"/>
         <output name="all.consensusxml" seq="3" text="Description of Port" x="470" y="352">
            <port_prop desc="null" inh="null" key="intname" label="null" value="all.consensusxml"/>
            <port_prop desc="null" inh="null" key="maincount" label="null" value="1"/>
         </output>
         <execute desc="null" inh="null" key="binary" label="null" value="topprunner.py"/>
         <execute desc="null" inh="null" key="gridtype" label="null" value="local"/>
         <execute desc="null" inh="null" key="jobistype" label="null" value="binary"/>
         <execute desc="null" inh="null" key="grid" label="null" value="dci-bridge host(64bit)"/>
         <execute desc="null" inh="null" key="params" label="null" value="FeatureLinkerUnlabeledQT -in mapper*.featurexml -out all.consensusxml"/>
         <execute desc="null" inh="null" key="type" label="null" value="Sequence"/>
         <history mdyid="new.job.gridtype" nvalue="local" ovalue="" port="-" tim="2013-02-06-15:08:21" user="11310"/>
         <history mdyid="new.job.binary" nvalue="topprunner.py" ovalue="" port="-" tim="2013-02-06-15:08:21" user="11310"/>
         <history mdyid="new.job.jobistype" nvalue="binary" ovalue="" port="-" tim="2013-02-06-15:08:21" user="11310"/>
         <history mdyid="new.job.grid" nvalue="dci-bridge host(64bit)" ovalue="" port="-" tim="2013-02-06-15:08:21" user="11310"/>
         <history mdyid="new.job.params" nvalue="FeatureLinkerUnlabeledQT -in mapper*.featurexml -out all.consensusxml" ovalue="" port="-" tim="2013-02-06-15:08:21" user="11310"/>
         <history mdyid="new.job.type" nvalue="Sequence" ovalue="" port="-" tim="2013-02-06-15:08:21" user="11310"/>
      </job>
      <job name="FileGenerator" text="Description of Job" x="19" y="70">
         <input name="input" prejob="" preoutput="" seq="0" text="Description of Port" x="34" y="55">
            <port_prop desc="null" inh="null" key="eparam" label="null" value="0"/>
            <port_prop desc="null" inh="null" key="file" label="null" value="inputs"/>
            <port_prop desc="null" inh="null" key="intname" label="null" value="input"/>
            <port_prop desc="null" inh="null" key="dpid" label="null" value="0"/>
            <port_prop desc="null" inh="null" key="pequaltype" label="null" value="0"/>
         </input>
         <output name="velos.mzml" seq="1" text="Description of Port" x="79" y="116">
            <port_prop desc="null" inh="null" key="maincount0" label="null" value="2"/>
            <port_prop desc="null" inh="null" key="type0" label="null" value="permament"/>
            <port_prop desc="null" inh="null" key="intname" label="null" value="velos.mzml"/>
            <port_prop desc="null" inh="null" key="maincount" label="null" value="2"/>
         </output>
         <execute desc="null" inh="null" key="gridtype" label="null" value="local"/>
         <execute desc="null" inh="null" key="binary" label="null" value="filegenerator.py"/>
         <execute desc="null" inh="null" key="jobistype" label="null" value="binary"/>
         <execute desc="null" inh="null" key="grid" label="null" value="dci-bridge host(64bit)"/>
         <execute desc="null" inh="null" key="params" label="null" value="input velos.mzml"/>
         <execute desc="null" inh="null" key="type" label="null" value="Sequence"/>
         <history mdyid="modify.output.maincount" nvalue="2" ovalue="1" port="1" tim="2013-02-06-15:08:21" user="11310"/>
         <history mdyid="modify.output.maincount0" nvalue="2" ovalue="1" port="1" tim="2013-02-06-15:08:21" user="11310"/>
         <history mdyid="new.output.maincount" nvalue="1" ovalue="" port="1" tim="2013-02-06-15:08:21" user="11310"/>
         <history mdyid="new.output.intname" nvalue="velos.mzml" ovalue="" port="1" tim="2013-02-06-15:08:21" user="11310"/>
         <history mdyid="new.output.type0" nvalue="permament" ovalue="" port="1" tim="2013-02-06-15:08:21" user="11310"/>
         <history mdyid="new.output.maincount0" nvalue="1" ovalue="" port="1" tim="2013-02-06-15:08:21" user="11310"/>
         <history mdyid="new.input.pequaltype" nvalue="0" ovalue="" port="0" tim="2013-02-06-15:08:21" user="11310"/>
         <history mdyid="new.input.dpid" nvalue="0" ovalue="" port="0" tim="2013-02-06-15:08:21" user="11310"/>
         <history mdyid="new.input.intname" nvalue="input" ovalue="" port="0" tim="2013-02-06-15:08:21" user="11310"/>
         <history mdyid="new.input.file" nvalue="inputs" ovalue="" port="0" tim="2013-02-06-15:08:21" user="11310"/>
         <history mdyid="new.input.eparam" nvalue="0" ovalue="" port="0" tim="2013-02-06-15:08:21" user="11310"/>
         <history mdyid="new.job.type" nvalue="Sequence" ovalue="" port="-" tim="2013-02-06-15:08:21" user="11310"/>
         <history mdyid="new.job.gridtype" nvalue="local" ovalue="" port="-" tim="2013-02-06-15:08:21" user="11310"/>
         <history mdyid="new.job.binary" nvalue="filegenerator.py" ovalue="" port="-" tim="2013-02-06-15:08:21" user="11310"/>
         <history mdyid="new.job.jobistype" nvalue="binary" ovalue="" port="-" tim="2013-02-06-15:08:21" user="11310"/>
         <history mdyid="new.job.grid" nvalue="dci-bridge host(64bit)" ovalue="" port="-" tim="2013-02-06-15:08:21" user="11310"/>
         <history mdyid="new.job.params" nvalue="input velos.mzml" ovalue="" port="-" tim="2013-02-06-15:08:21" user="11310"/>
      </job>
      <job name="IDFilter" text="Description of Job" x="799" y="80">
         <input name="input.idxml" prejob="FalseDiscoveryRate" preoutput="1" seq="0" text="Description of Port" x="784" y="79"/>
         <output name="output.idxml" seq="1" text="Description of Port" x="784" y="126">
            <port_prop desc="null" inh="null" key="intname" label="null" value="output.idxml"/>
            <port_prop desc="null" inh="null" key="maincount" label="null" value="1"/>
         </output>
         <execute desc="null" inh="null" key="gridtype" label="null" value="local"/>
         <execute desc="null" inh="null" key="binary" label="null" value="topprunner.py"/>
         <execute desc="null" inh="null" key="jobistype" label="null" value="binary"/>
         <execute desc="null" inh="null" key="grid" label="null" value="dci-bridge host(64bit)"/>
         <execute desc="null" inh="null" key="params" label="null" value="IDFilter -in input.idxml -out output.idxml"/>
         <execute desc="null" inh="null" key="type" label="null" value="Sequence"/>
         <history mdyid="new.job.type" nvalue="Sequence" ovalue="" port="-" tim="2013-02-06-15:08:21" user="11310"/>
         <history mdyid="new.job.params" nvalue="IDFilter -in input.idxml -out output.idxml" ovalue="" port="-" tim="2013-02-06-15:08:21" user="11310"/>
         <history mdyid="new.job.grid" nvalue="dci-bridge host(64bit)" ovalue="" port="-" tim="2013-02-06-15:08:21" user="11310"/>
         <history mdyid="new.job.jobistype" nvalue="binary" ovalue="" port="-" tim="2013-02-06-15:08:21" user="11310"/>
         <history mdyid="new.job.binary" nvalue="topprunner.py" ovalue="" port="-" tim="2013-02-06-15:08:21" user="11310"/>
         <history mdyid="new.job.gridtype" nvalue="local" ovalue="" port="-" tim="2013-02-06-15:08:21" user="11310"/>
      </job>
      <job name="IDMapper" text="Description of Job" x="416" y="229">
         <input name="id.featurexml" prejob="FeatureFinderCentroided" preoutput="1" seq="0" text="Description of Port" x="401" y="228"/>
         <input name="idfilter.idxml" prejob="IDFilter" preoutput="1" seq="1" text="Description of Port" x="476" y="228"/>
         <output name="output.featurexml" seq="2" text="Description of Port" x="401" y="275">
            <port_prop desc="null" inh="null" key="intname" label="null" value="output.featurexml"/>
            <port_prop desc="null" inh="null" key="maincount" label="null" value="1"/>
         </output>
         <execute desc="null" inh="null" key="binary" label="null" value="topprunner.py"/>
         <execute desc="null" inh="null" key="gridtype" label="null" value="local"/>
         <execute desc="null" inh="null" key="jobistype" label="null" value="binary"/>
         <execute desc="null" inh="null" key="grid" label="null" value="dci-bridge host(64bit)"/>
         <execute desc="null" inh="null" key="params" label="null" value="IDMapper -id idfilter.idxml -in id.featurexml -out output.featurexml"/>
         <execute desc="null" inh="null" key="type" label="null" value="Sequence"/>
         <history mdyid="modify.job.params" nvalue="IDMapper -id idfilter.idxml -in id.featurexml -out output.featurexml" ovalue="IDMapper -id idfilter.idxml -in id.feature.xml -out output.featurexml" port="-" tim="2013-02-06-15:08:21" user="11310"/>
         <history mdyid="new.job.type" nvalue="Sequence" ovalue="" port="-" tim="2013-02-06-15:08:21" user="11310"/>
         <history mdyid="new.job.params" nvalue="IDMapper -id idfilter.idxml -in id.feature.xml -out output.featurexml" ovalue="" port="-" tim="2013-02-06-15:08:21" user="11310"/>
         <history mdyid="new.job.grid" nvalue="dci-bridge host(64bit)" ovalue="" port="-" tim="2013-02-06-15:08:21" user="11310"/>
         <history mdyid="new.job.jobistype" nvalue="binary" ovalue="" port="-" tim="2013-02-06-15:08:21" user="11310"/>
         <history mdyid="new.job.binary" nvalue="topprunner.py" ovalue="" port="-" tim="2013-02-06-15:08:21" user="11310"/>
         <history mdyid="new.job.gridtype" nvalue="local" ovalue="" port="-" tim="2013-02-06-15:08:21" user="11310"/>
      </job>
      <job name="IDMerger" text="Description of Job" x="328" y="73">
         <input name="velosidpep1.idxml" prejob="IDPosteriorErrorProbability" preoutput="1" seq="0" text="Description of Port" x="313" y="72"/>
         <input name="velosidpep2.idxml" prejob="IDPosteriorErrorProbability2" preoutput="1" seq="2" text="Description of Port" x="313" y="119"/>
         <output name="velos.idxml" seq="1" text="Description of Port" x="388" y="72">
            <port_prop desc="null" inh="null" key="intname" label="null" value="velos.idxml"/>
            <port_prop desc="null" inh="null" key="maincount" label="null" value="1"/>
         </output>
         <execute desc="null" inh="null" key="gridtype" label="null" value="local"/>
         <execute desc="null" inh="null" key="binary" label="null" value="topprunner.py"/>
         <execute desc="null" inh="null" key="jobistype" label="null" value="binary"/>
         <execute desc="null" inh="null" key="grid" label="null" value="dci-bridge host(64bit)"/>
         <execute desc="null" inh="null" key="params" label="null" value="IDMerger -in velosidpep*.idxml -out velos.idxml"/>
         <execute desc="null" inh="null" key="type" label="null" value="Sequence"/>
         <history mdyid="new.job.type" nvalue="Sequence" ovalue="" port="-" tim="2013-02-06-15:08:21" user="11310"/>
         <history mdyid="new.job.params" nvalue="IDMerger -in velosidpep*.idxml -out velos.idxml" ovalue="" port="-" tim="2013-02-06-15:08:21" user="11310"/>
         <history mdyid="new.job.grid" nvalue="dci-bridge host(64bit)" ovalue="" port="-" tim="2013-02-06-15:08:21" user="11310"/>
         <history mdyid="new.job.jobistype" nvalue="binary" ovalue="" port="-" tim="2013-02-06-15:08:21" user="11310"/>
         <history mdyid="new.job.binary" nvalue="topprunner.py" ovalue="" port="-" tim="2013-02-06-15:08:21" user="11310"/>
         <history mdyid="new.job.gridtype" nvalue="local" ovalue="" port="-" tim="2013-02-06-15:08:21" user="11310"/>
      </job>
      <job name="IDPosteriorErrorProbability" text="Description of Job" x="220" y="10">
         <input name="velos.idxml" prejob="OMSSAAdapter" preoutput="1" seq="0" text="Description of Port" x="205" y="9"/>
         <output name="velosidpep.idxml" seq="1" text="Description of Port" x="280" y="56">
            <port_prop desc="null" inh="null" key="intname" label="null" value="velosidpep.idxml"/>
            <port_prop desc="null" inh="null" key="maincount" label="null" value="1"/>
         </output>
         <execute desc="null" inh="null" key="gridtype" label="null" value="local"/>
         <execute desc="null" inh="null" key="binary" label="null" value="topprunner.py"/>
         <execute desc="null" inh="null" key="jobistype" label="null" value="binary"/>
         <execute desc="null" inh="null" key="grid" label="null" value="dci-bridge host(64bit)"/>
         <execute desc="null" inh="null" key="params" label="null" value="IDPosteriorErrorProbability -in velos.idxml -out velosidpep.idxml"/>
         <execute desc="null" inh="null" key="type" label="null" value="Sequence"/>
         <history mdyid="new.job.type" nvalue="Sequence" ovalue="" port="-" tim="2013-02-06-15:08:21" user="11310"/>
         <history mdyid="new.job.params" nvalue="IDPosteriorErrorProbability -in velos.idxml -out velosidpep.idxml" ovalue="" port="-" tim="2013-02-06-15:08:21" user="11310"/>
         <history mdyid="new.job.grid" nvalue="dci-bridge host(64bit)" ovalue="" port="-" tim="2013-02-06-15:08:21" user="11310"/>
         <history mdyid="new.job.jobistype" nvalue="binary" ovalue="" port="-" tim="2013-02-06-15:08:21" user="11310"/>
         <history mdyid="new.job.binary" nvalue="topprunner.py" ovalue="" port="-" tim="2013-02-06-15:08:21" user="11310"/>
         <history mdyid="new.job.gridtype" nvalue="local" ovalue="" port="-" tim="2013-02-06-15:08:21" user="11310"/>
      </job>
      <job name="IDPosteriorErrorProbability2" text="Description of Job" x="222" y="119">
         <input name="velos.idxml" prejob="XTandemAdapter" preoutput="1" seq="0" text="Description of Port" x="207" y="118">
            <port_prop desc="null" inh="null" key="eparam" label="null" value="0"/>
            <port_prop desc="null" inh="null" key="waitingtmp" label="null" value="one"/>
            <port_prop desc="null" inh="null" key="waiting" label="null" value="one"/>
            <port_prop desc="null" inh="null" key="intname" label="null" value="velos.idxml"/>
            <port_prop desc="null" inh="null" key="dpid" label="null" value="0"/>
            <port_prop desc="null" inh="null" key="pequaltype" label="null" value="0"/>
         </input>
         <output name="velosidpep.idxml" seq="1" text="Description of Port" x="282" y="118">
            <port_prop desc="null" inh="null" key="maincount0" label="null" value="1"/>
            <port_prop desc="null" inh="null" key="intname" label="null" value="velosidpep.idxml"/>
            <port_prop desc="null" inh="null" key="type0" label="null" value="permament"/>
            <port_prop desc="null" inh="null" key="maincount" label="null" value="1"/>
         </output>
         <execute desc="null" inh="null" key="gridtype" label="null" value="local"/>
         <execute desc="null" inh="null" key="binary" label="null" value="topprunner.py"/>
         <execute desc="null" inh="null" key="jobistype" label="null" value="binary"/>
         <execute desc="null" inh="null" key="grid" label="null" value="dci-bridge host(64bit)"/>
         <execute desc="null" inh="null" key="params" label="null" value="IDPosteriorErrorProbability -in velos.idxml -out velosidpep.idxml"/>
         <execute desc="null" inh="null" key="type" label="null" value="Sequence"/>
         <history mdyid="new.output.type0" nvalue="permament" ovalue="" port="1" tim="2013-02-06-15:08:21" user="11310"/>
         <history mdyid="new.output.maincount0" nvalue="1" ovalue="" port="1" tim="2013-02-06-15:08:21" user="11310"/>
         <history mdyid="new.input.pequaltype" nvalue="0" ovalue="" port="0" tim="2013-02-06-15:08:21" user="11310"/>
         <history mdyid="new.input.dpid" nvalue="0" ovalue="" port="0" tim="2013-02-06-15:08:21" user="11310"/>
         <history mdyid="new.input.intname" nvalue="velos.idxml" ovalue="" port="0" tim="2013-02-06-15:08:21" user="11310"/>
         <history mdyid="new.input.waiting" nvalue="one" ovalue="" port="0" tim="2013-02-06-15:08:21" user="11310"/>
         <history mdyid="new.input.waitingtmp" nvalue="one" ovalue="" port="0" tim="2013-02-06-15:08:21" user="11310"/>
         <history mdyid="new.input.eparam" nvalue="0" ovalue="" port="0" tim="2013-02-06-15:08:21" user="11310"/>
         <history mdyid="new.job.type" nvalue="Sequence" ovalue="" port="-" tim="2013-02-06-15:08:21" user="11310"/>
         <history mdyid="new.job.grid" nvalue="dci-bridge host(64bit)" ovalue="" port="-" tim="2013-02-06-15:08:21" user="11310"/>
         <history mdyid="new.job.params" nvalue="IDPosteriorErrorProbability -in velos.idxml -out velosidpep.idxml" ovalue="" port="-" tim="2013-02-06-15:08:21" user="11310"/>
         <history mdyid="new.job.jobistype" nvalue="binary" ovalue="" port="-" tim="2013-02-06-15:08:21" user="11310"/>
         <history mdyid="new.job.binary" nvalue="topprunner.py" ovalue="" port="-" tim="2013-02-06-15:08:21" user="11310"/>
         <history mdyid="new.job.gridtype" nvalue="local" ovalue="" port="-" tim="2013-02-06-15:08:21" user="11310"/>
      </job>
      <job name="MapAlignerPoseClustering" text="Description of Job" x="291" y="354">
         <input name="input.featurexml" prejob="IDMapper" preoutput="2" seq="0" text="Description of Port" x="337" y="339">
            <port_prop desc="null" inh="null" key="eparam" label="null" value="1"/>
            <port_prop desc="null" inh="null" key="waitingtmp" label="null" value="all"/>
            <port_prop desc="null" inh="null" key="waiting" label="null" value="all"/>
            <port_prop desc="null" inh="null" key="intname" label="null" value="input.featurexml"/>
            <port_prop desc="null" inh="null" key="dpid" label="null" value="0"/>
            <port_prop desc="null" inh="null" key="pequaltype" label="null" value="0"/>
         </input>
         <output name="mapper1.featurexml" seq="1" text="Description of Port" x="351" y="353">
            <port_prop desc="null" inh="null" key="maincount0" label="null" value="1"/>
            <port_prop desc="null" inh="null" key="type0" label="null" value="permament"/>
            <port_prop desc="null" inh="null" key="intname" label="null" value="mapper1.featurexml"/>
            <port_prop desc="null" inh="null" key="maincount" label="null" value="1"/>
         </output>
         <output name="mapper2.featurexml" seq="2" text="Description of Port" x="351" y="369">
            <port_prop desc="null" inh="null" key="maincount0" label="null" value="1"/>
            <port_prop desc="null" inh="null" key="type0" label="null" value="permament"/>
            <port_prop desc="null" inh="null" key="intname" label="null" value="mapper2.featurexml"/>
            <port_prop desc="null" inh="null" key="maincount" label="null" value="1"/>
         </output>
         <output name="mapper3.featurexml" seq="3" text="Description of Port" x="351" y="384">
            <port_prop desc="null" inh="null" key="maincount0" label="null" value="1"/>
            <port_prop desc="null" inh="null" key="type0" label="null" value="permament"/>
            <port_prop desc="null" inh="null" key="intname" label="null" value="mapper3.featurexml"/>
            <port_prop desc="null" inh="null" key="maincount" label="null" value="1"/>
         </output>
         <execute desc="null" inh="null" key="gridtype" label="null" value="local"/>
         <execute desc="null" inh="null" key="binary" label="null" value="topprunner.py"/>
         <execute desc="null" inh="null" key="jobistype" label="null" value="binary"/>
         <execute desc="null" inh="null" key="grid" label="null" value="dci-bridge host(64bit)"/>
         <execute desc="null" inh="null" key="params" label="null" value="MapAlignerPoseClustering -in input.featurexml* -out mapper1.featurexml mapper2.featurexml mapper3.featurexml"/>
         <execute desc="null" inh="null" key="type" label="null" value="Sequence"/>
         <history mdyid="new.output.intname" nvalue="mapper1.featurexml" ovalue="" port="1" tim="2013-02-06-15:08:21" user="11310"/>
         <history mdyid="new.output.maincount0" nvalue="1" ovalue="" port="1" tim="2013-02-06-15:08:21" user="11310"/>
         <history mdyid="new.input.pequaltype" nvalue="0" ovalue="" port="0" tim="2013-02-06-15:08:21" user="11310"/>
         <history mdyid="new.input.dpid" nvalue="0" ovalue="" port="0" tim="2013-02-06-15:08:21" user="11310"/>
         <history mdyid="new.input.intname" nvalue="input.featurexml" ovalue="" port="0" tim="2013-02-06-15:08:21" user="11310"/>
         <history mdyid="new.input.waiting" nvalue="all" ovalue="" port="0" tim="2013-02-06-15:08:21" user="11310"/>
         <history mdyid="new.input.waitingtmp" nvalue="all" ovalue="" port="0" tim="2013-02-06-15:08:21" user="11310"/>
         <history mdyid="new.input.eparam" nvalue="1" ovalue="" port="0" tim="2013-02-06-15:08:21" user="11310"/>
         <history mdyid="new.job.type" nvalue="Sequence" ovalue="" port="-" tim="2013-02-06-15:08:21" user="11310"/>
         <history mdyid="new.job.params" nvalue="MapAlignerPoseClustering -in input.featurexml* -out mapper1.featurexml mapper2.featurexml mapper3.featurexml" ovalue="" port="-" tim="2013-02-06-15:08:21" user="11310"/>
         <history mdyid="new.job.grid" nvalue="dci-bridge host(64bit)" ovalue="" port="-" tim="2013-02-06-15:08:21" user="11310"/>
         <history mdyid="new.job.jobistype" nvalue="binary" ovalue="" port="-" tim="2013-02-06-15:08:21" user="11310"/>
         <history mdyid="new.job.binary" nvalue="topprunner.py" ovalue="" port="-" tim="2013-02-06-15:08:21" user="11310"/>
         <history mdyid="new.job.gridtype" nvalue="local" ovalue="" port="-" tim="2013-02-06-15:08:21" user="11310"/>
         <history mdyid="new.output.type0" nvalue="permament" ovalue="" port="1" tim="2013-02-06-15:08:21" user="11310"/>
         <history mdyid="new.output.maincount" nvalue="1" ovalue="" port="1" tim="2013-02-06-15:08:21" user="11310"/>
         <history mdyid="new.output.maincount0" nvalue="1" ovalue="" port="2" tim="2013-02-06-15:08:21" user="11310"/>
         <history mdyid="new.output.type0" nvalue="permament" ovalue="" port="2" tim="2013-02-06-15:08:21" user="11310"/>
         <history mdyid="new.output.intname" nvalue="mapper2.featurexml" ovalue="" port="2" tim="2013-02-06-15:08:21" user="11310"/>
         <history mdyid="new.output.maincount" nvalue="1" ovalue="" port="2" tim="2013-02-06-15:08:21" user="11310"/>
         <history mdyid="new.output.maincount0" nvalue="1" ovalue="" port="3" tim="2013-02-06-15:08:21" user="11310"/>
         <history mdyid="new.output.type0" nvalue="permament" ovalue="" port="3" tim="2013-02-06-15:08:21" user="11310"/>
      </job>
      <job name="OMSSAAdapter" text="Description of Job" x="120" y="11">
         <input name="velos.mzml" prejob="FileGenerator" preoutput="1" seq="0" text="Description of Port" x="119" y="71">
            <port_prop desc="null" inh="null" key="eparam" label="null" value="0"/>
            <port_prop desc="null" inh="null" key="waitingtmp" label="null" value="one"/>
            <port_prop desc="null" inh="null" key="waiting" label="null" value="one"/>
            <port_prop desc="null" inh="null" key="intname" label="null" value="input"/>
            <port_prop desc="null" inh="null" key="dpid" label="null" value="0"/>
            <port_prop desc="null" inh="null" key="pequaltype" label="null" value="0"/>
         </input>
         <output name="velos.idxml" seq="1" text="Description of Port" x="180" y="10">
            <port_prop desc="null" inh="null" key="maincount0" label="null" value="1"/>
            <port_prop desc="null" inh="null" key="type0" label="null" value="permament"/>
            <port_prop desc="null" inh="null" key="intname" label="null" value="velos.idxml"/>
            <port_prop desc="null" inh="null" key="maincount" label="null" value="1"/>
         </output>
         <execute desc="null" inh="null" key="binary" label="null" value="topprunner.py"/>
         <execute desc="null" inh="null" key="gridtype" label="null" value="local"/>
         <execute desc="null" inh="null" key="jobistype" label="null" value="binary"/>
         <execute desc="null" inh="null" key="grid" label="null" value="dci-bridge host(64bit)"/>
         <execute desc="null" inh="null" key="params" label="null" value="OMSSAAdapter -out velos.idxml"/>
         <execute desc="null" inh="null" key="type" label="null" value="Sequence"/>
         <history mdyid="new.output.type0" nvalue="permament" ovalue="" port="1" tim="2013-02-06-15:08:21" user="11310"/>
         <history mdyid="new.output.maincount0" nvalue="1" ovalue="" port="1" tim="2013-02-06-15:08:21" user="11310"/>
         <history mdyid="new.input.pequaltype" nvalue="0" ovalue="" port="0" tim="2013-02-06-15:08:21" user="11310"/>
         <history mdyid="new.input.dpid" nvalue="0" ovalue="" port="0" tim="2013-02-06-15:08:21" user="11310"/>
         <history mdyid="new.input.intname" nvalue="input" ovalue="" port="0" tim="2013-02-06-15:08:21" user="11310"/>
         <history mdyid="new.input.waiting" nvalue="one" ovalue="" port="0" tim="2013-02-06-15:08:21" user="11310"/>
         <history mdyid="new.input.waitingtmp" nvalue="one" ovalue="" port="0" tim="2013-02-06-15:08:21" user="11310"/>
         <history mdyid="new.input.eparam" nvalue="0" ovalue="" port="0" tim="2013-02-06-15:08:21" user="11310"/>
         <history mdyid="new.job.type" nvalue="Sequence" ovalue="" port="-" tim="2013-02-06-15:08:21" user="11310"/>
         <history mdyid="new.job.params" nvalue="OMSSAAdapter -out velos.idxml" ovalue="" port="-" tim="2013-02-06-15:08:21" user="11310"/>
         <history mdyid="new.job.grid" nvalue="dci-bridge host(64bit)" ovalue="" port="-" tim="2013-02-06-15:08:21" user="11310"/>
         <history mdyid="new.job.jobistype" nvalue="binary" ovalue="" port="-" tim="2013-02-06-15:08:21" user="11310"/>
         <history mdyid="new.job.binary" nvalue="topprunner.py" ovalue="" port="-" tim="2013-02-06-15:08:21" user="11310"/>
         <history mdyid="new.job.gridtype" nvalue="local" ovalue="" port="-" tim="2013-02-06-15:08:21" user="11310"/>
      </job>
      <job name="PeptideIndexer" text="Description of Job" x="576" y="70">
         <input name="input.idxml" prejob="ConsensusID" preoutput="1" seq="0" text="Description of Port" x="561" y="69">
            <port_prop desc="null" inh="null" key="eparam" label="null" value="0"/>
            <port_prop desc="null" inh="null" key="waitingtmp" label="null" value="one"/>
            <port_prop desc="null" inh="null" key="waiting" label="null" value="one"/>
            <port_prop desc="null" inh="null" key="intname" label="null" value="input.idxml"/>
            <port_prop desc="null" inh="null" key="dpid" label="null" value="0"/>
            <port_prop desc="null" inh="null" key="pequaltype" label="null" value="0"/>
         </input>
         <output name="output.idxml" seq="1" text="Description of Port" x="636" y="116">
            <port_prop desc="null" inh="null" key="maincount0" label="null" value="1"/>
            <port_prop desc="null" inh="null" key="type0" label="null" value="permament"/>
            <port_prop desc="null" inh="null" key="intname" label="null" value="output.idxml"/>
            <port_prop desc="null" inh="null" key="maincount" label="null" value="1"/>
         </output>
         <execute desc="null" inh="null" key="binary" label="null" value="topprunner.py"/>
         <execute desc="null" inh="null" key="gridtype" label="null" value="local"/>
         <execute desc="null" inh="null" key="jobistype" label="null" value="binary"/>
         <execute desc="null" inh="null" key="grid" label="null" value="dci-bridge host(64bit)"/>
         <execute desc="null" inh="null" key="params" label="null" value="PeptideIndexer -in input.idxml -out output.idxml"/>
         <execute desc="null" inh="null" key="type" label="null" value="Sequence"/>
         <history mdyid="new.job.gridtype" nvalue="local" ovalue="" port="-" tim="2013-02-06-15:08:21" user="11310"/>
         <history mdyid="new.job.binary" nvalue="topprunner.py" ovalue="" port="-" tim="2013-02-06-15:08:21" user="11310"/>
         <history mdyid="new.job.jobistype" nvalue="binary" ovalue="" port="-" tim="2013-02-06-15:08:21" user="11310"/>
         <history mdyid="new.job.grid" nvalue="dci-bridge host(64bit)" ovalue="" port="-" tim="2013-02-06-15:08:21" user="11310"/>
         <history mdyid="new.job.params" nvalue="PeptideIndexer -in input.idxml -out output.idxml" ovalue="" port="-" tim="2013-02-06-15:08:21" user="11310"/>
         <history mdyid="new.job.type" nvalue="Sequence" ovalue="" port="-" tim="2013-02-06-15:08:21" user="11310"/>
         <history mdyid="new.input.eparam" nvalue="0" ovalue="" port="0" tim="2013-02-06-15:08:21" user="11310"/>
         <history mdyid="new.input.waitingtmp" nvalue="one" ovalue="" port="0" tim="2013-02-06-15:08:21" user="11310"/>
         <history mdyid="new.input.waiting" nvalue="one" ovalue="" port="0" tim="2013-02-06-15:08:21" user="11310"/>
         <history mdyid="new.input.intname" nvalue="input.idxml" ovalue="" port="0" tim="2013-02-06-15:08:21" user="11310"/>
         <history mdyid="new.input.dpid" nvalue="0" ovalue="" port="0" tim="2013-02-06-15:08:21" user="11310"/>
         <history mdyid="new.input.pequaltype" nvalue="0" ovalue="" port="0" tim="2013-02-06-15:08:21" user="11310"/>
         <history mdyid="new.output.maincount0" nvalue="1" ovalue="" port="1" tim="2013-02-06-15:08:21" user="11310"/>
         <history mdyid="new.output.type0" nvalue="permament" ovalue="" port="1" tim="2013-02-06-15:08:21" user="11310"/>
      </job>
      <job name="TextExporter" text="Description of Job" x="646" y="351">
         <input name="all.consensusxml" prejob="ConsensusMapNormalizer" preoutput="1" seq="0" text="Description of Port" x="631" y="350">
            <port_prop desc="null" inh="null" key="eparam" label="null" value="0"/>
            <port_prop desc="null" inh="null" key="waitingtmp" label="null" value="one"/>
            <port_prop desc="null" inh="null" key="waiting" label="null" value="one"/>
            <port_prop desc="null" inh="null" key="intname" label="null" value="all.consensusxml"/>
            <port_prop desc="null" inh="null" key="dpid" label="null" value="0"/>
            <port_prop desc="null" inh="null" key="pequaltype" label="null" value="0"/>
         </input>
         <output name="all.csv" seq="1" text="Description of Port" x="661" y="336">
            <port_prop desc="null" inh="null" key="maincount0" label="null" value="1"/>
            <port_prop desc="null" inh="null" key="type0" label="null" value="permament"/>
            <port_prop desc="null" inh="null" key="intname" label="null" value="all.csv"/>
            <port_prop desc="null" inh="null" key="maincount" label="null" value="1"/>
         </output>
         <execute desc="null" inh="null" key="binary" label="null" value="topprunner.py"/>
         <execute desc="null" inh="null" key="gridtype" label="null" value="local"/>
         <execute desc="null" inh="null" key="jobistype" label="null" value="binary"/>
         <execute desc="null" inh="null" key="grid" label="null" value="dci-bridge host(64bit)"/>
         <execute desc="null" inh="null" key="params" label="null" value="TextExporter -in all.consensusxml -out all.csv"/>
         <execute desc="null" inh="null" key="type" label="null" value="Sequence"/>
         <history mdyid="new.job.gridtype" nvalue="local" ovalue="" port="-" tim="2013-02-06-15:08:21" user="11310"/>
         <history mdyid="new.job.binary" nvalue="topprunner.py" ovalue="" port="-" tim="2013-02-06-15:08:21" user="11310"/>
         <history mdyid="new.job.jobistype" nvalue="binary" ovalue="" port="-" tim="2013-02-06-15:08:21" user="11310"/>
         <history mdyid="new.job.grid" nvalue="dci-bridge host(64bit)" ovalue="" port="-" tim="2013-02-06-15:08:21" user="11310"/>
         <history mdyid="new.job.params" nvalue="TextExporter -in all.consensusxml -out all.csv" ovalue="" port="-" tim="2013-02-06-15:08:21" user="11310"/>
         <history mdyid="new.job.type" nvalue="Sequence" ovalue="" port="-" tim="2013-02-06-15:08:21" user="11310"/>
         <history mdyid="new.input.eparam" nvalue="0" ovalue="" port="0" tim="2013-02-06-15:08:21" user="11310"/>
         <history mdyid="new.input.waitingtmp" nvalue="one" ovalue="" port="0" tim="2013-02-06-15:08:21" user="11310"/>
         <history mdyid="new.input.waiting" nvalue="one" ovalue="" port="0" tim="2013-02-06-15:08:21" user="11310"/>
         <history mdyid="new.input.intname" nvalue="all.consensusxml" ovalue="" port="0" tim="2013-02-06-15:08:21" user="11310"/>
         <history mdyid="new.input.dpid" nvalue="0" ovalue="" port="0" tim="2013-02-06-15:08:21" user="11310"/>
         <history mdyid="new.input.pequaltype" nvalue="0" ovalue="" port="0" tim="2013-02-06-15:08:21" user="11310"/>
         <history mdyid="new.output.maincount0" nvalue="1" ovalue="" port="1" tim="2013-02-06-15:08:21" user="11310"/>
         <history mdyid="new.output.type0" nvalue="permament" ovalue="" port="1" tim="2013-02-06-15:08:21" user="11310"/>
      </job>
      <job name="XTandemAdapter" text="Description of Job" x="121" y="114">
         <input name="velos.mzml" prejob="FileGenerator" preoutput="1" seq="0" text="Description of Port" x="106" y="113">
            <port_prop desc="null" inh="null" key="eparam" label="null" value="0"/>
            <port_prop desc="null" inh="null" key="waitingtmp" label="null" value="one"/>
            <port_prop desc="null" inh="null" key="waiting" label="null" value="one"/>
            <port_prop desc="null" inh="null" key="intname" label="null" value="input"/>
            <port_prop desc="null" inh="null" key="dpid" label="null" value="0"/>
            <port_prop desc="null" inh="null" key="pequaltype" label="null" value="0"/>
         </input>
         <output name="velos.idxml" seq="1" text="Description of Port" x="181" y="113">
            <port_prop desc="null" inh="null" key="maincount0" label="null" value="1"/>
            <port_prop desc="null" inh="null" key="type0" label="null" value="permament"/>
            <port_prop desc="null" inh="null" key="intname" label="null" value="velos.idxml"/>
            <port_prop desc="null" inh="null" key="maincount" label="null" value="1"/>
         </output>
         <execute desc="null" inh="null" key="binary" label="null" value="topprunner.py"/>
         <execute desc="null" inh="null" key="gridtype" label="null" value="local"/>
         <execute desc="null" inh="null" key="jobistype" label="null" value="binary"/>
         <execute desc="null" inh="null" key="grid" label="null" value="dci-bridge host(64bit)"/>
         <execute desc="null" inh="null" key="params" label="null" value="XTandemAdapter -out velos.idxml"/>
         <execute desc="null" inh="null" key="type" label="null" value="Sequence"/>
         <history mdyid="new.output.type0" nvalue="permament" ovalue="" port="1" tim="2013-02-06-15:08:21" user="11310"/>
         <history mdyid="new.output.maincount0" nvalue="1" ovalue="" port="1" tim="2013-02-06-15:08:21" user="11310"/>
         <history mdyid="new.input.pequaltype" nvalue="0" ovalue="" port="0" tim="2013-02-06-15:08:21" user="11310"/>
         <history mdyid="new.input.dpid" nvalue="0" ovalue="" port="0" tim="2013-02-06-15:08:21" user="11310"/>
         <history mdyid="new.input.intname" nvalue="input" ovalue="" port="0" tim="2013-02-06-15:08:21" user="11310"/>
         <history mdyid="new.input.waiting" nvalue="one" ovalue="" port="0" tim="2013-02-06-15:08:21" user="11310"/>
         <history mdyid="new.input.waitingtmp" nvalue="one" ovalue="" port="0" tim="2013-02-06-15:08:21" user="11310"/>
         <history mdyid="new.input.eparam" nvalue="0" ovalue="" port="0" tim="2013-02-06-15:08:21" user="11310"/>
         <history mdyid="new.job.type" nvalue="Sequence" ovalue="" port="-" tim="2013-02-06-15:08:21" user="11310"/>
         <history mdyid="new.job.params" nvalue="XTandemAdapter -out velos.idxml" ovalue="" port="-" tim="2013-02-06-15:08:21" user="11310"/>
         <history mdyid="new.job.grid" nvalue="dci-bridge host(64bit)" ovalue="" port="-" tim="2013-02-06-15:08:21" user="11310"/>
         <history mdyid="new.job.jobistype" nvalue="binary" ovalue="" port="-" tim="2013-02-06-15:08:21" user="11310"/>
         <history mdyid="new.job.binary" nvalue="topprunner.py" ovalue="" port="-" tim="2013-02-06-15:08:21" user="11310"/>
         <history mdyid="new.job.gridtype" nvalue="local" ovalue="" port="-" tim="2013-02-06-15:08:21" user="11310"/>
      </job>
      <instances>
         <instance name="storage" rtid="450240164615034zentest" value="http://localhost:8080/storage"/>
         <instance name="text" rtid="450240164615034zentest" value="2013-2-6 16:0"/>
         <instance name="status" rtid="450240164615034zentest" value="6"/>
         <instance name="status" rtid="445985486465755zentest" value="6"/>
         <instance name="text" rtid="445985486465755zentest" value="submit all:1360160002818"/>
         <instance name="storage" rtid="445985486465755zentest" value="http://localhost:8080/storage"/>
         <instance name="wftype" rtid="*" value="null"/>
         <jobstatus job="FileGenerator" pid="0" resource="dci-bridge host(64bit)" rtid="445985486465755zentest" status="6"/>
         <jobstatus job="FileGenerator" pid="0" resource="dci-bridge host(64bit)" rtid="450240164615034zentest" status="6"/>
         <jobstatus job="OMSSAAdapter" pid="0" resource="dci-bridge host(64bit)" rtid="445985486465755zentest" status="6"/>
         <jobstatus job="OMSSAAdapter" pid="1" resource="dci-bridge host(64bit)" rtid="445985486465755zentest" status="6"/>
         <jobstatus job="OMSSAAdapter" pid="2" resource="dci-bridge host(64bit)" rtid="445985486465755zentest" status="6"/>
         <jobstatus job="OMSSAAdapter" pid="0" resource="dci-bridge host(64bit)" rtid="450240164615034zentest" status="6"/>
         <jobstatus job="OMSSAAdapter" pid="1" resource="dci-bridge host(64bit)" rtid="450240164615034zentest" status="6"/>
         <jobstatus job="OMSSAAdapter" pid="2" resource="dci-bridge host(64bit)" rtid="450240164615034zentest" status="6"/>
         <jobstatus job="IDPosteriorErrorProbability" pid="0" resource="dci-bridge host(64bit)" rtid="445985486465755zentest" status="6"/>
         <jobstatus job="IDPosteriorErrorProbability" pid="1" resource="dci-bridge host(64bit)" rtid="445985486465755zentest" status="6"/>
         <jobstatus job="IDPosteriorErrorProbability" pid="2" resource="dci-bridge host(64bit)" rtid="445985486465755zentest" status="6"/>
         <jobstatus job="IDPosteriorErrorProbability" pid="0" resource="dci-bridge host(64bit)" rtid="450240164615034zentest" status="6"/>
         <jobstatus job="IDPosteriorErrorProbability" pid="1" resource="dci-bridge host(64bit)" rtid="450240164615034zentest" status="6"/>
         <jobstatus job="IDPosteriorErrorProbability" pid="2" resource="dci-bridge host(64bit)" rtid="450240164615034zentest" status="6"/>
         <jobstatus job="XTandemAdapter" pid="0" resource="dci-bridge host(64bit)" rtid="445985486465755zentest" status="6"/>
         <jobstatus job="XTandemAdapter" pid="1" resource="dci-bridge host(64bit)" rtid="445985486465755zentest" status="6"/>
         <jobstatus job="XTandemAdapter" pid="2" resource="dci-bridge host(64bit)" rtid="445985486465755zentest" status="6"/>
         <jobstatus job="XTandemAdapter" pid="0" resource="dci-bridge host(64bit)" rtid="450240164615034zentest" status="6"/>
         <jobstatus job="XTandemAdapter" pid="1" resource="dci-bridge host(64bit)" rtid="450240164615034zentest" status="6"/>
         <jobstatus job="XTandemAdapter" pid="2" resource="dci-bridge host(64bit)" rtid="450240164615034zentest" status="6"/>
         <jobstatus job="IDPosteriorErrorProbability2" pid="0" resource="dci-bridge host(64bit)" rtid="445985486465755zentest" status="6"/>
         <jobstatus job="IDPosteriorErrorProbability2" pid="1" resource="dci-bridge host(64bit)" rtid="445985486465755zentest" status="6"/>
         <jobstatus job="IDPosteriorErrorProbability2" pid="2" resource="dci-bridge host(64bit)" rtid="445985486465755zentest" status="6"/>
         <jobstatus job="IDPosteriorErrorProbability2" pid="0" resource="dci-bridge host(64bit)" rtid="450240164615034zentest" status="6"/>
         <jobstatus job="IDPosteriorErrorProbability2" pid="1" resource="dci-bridge host(64bit)" rtid="450240164615034zentest" status="6"/>
         <jobstatus job="IDPosteriorErrorProbability2" pid="2" resource="dci-bridge host(64bit)" rtid="450240164615034zentest" status="6"/>
         <jobstatus job="IDMerger" pid="0" resource="dci-bridge host(64bit)" rtid="445985486465755zentest" status="6"/>
         <jobstatus job="IDMerger" pid="1" resource="dci-bridge host(64bit)" rtid="445985486465755zentest" status="6"/>
         <jobstatus job="IDMerger" pid="2" resource="dci-bridge host(64bit)" rtid="445985486465755zentest" status="6"/>
         <jobstatus job="IDMerger" pid="0" resource="dci-bridge host(64bit)" rtid="450240164615034zentest" status="6"/>
         <jobstatus job="IDMerger" pid="1" resource="dci-bridge host(64bit)" rtid="450240164615034zentest" status="6"/>
         <jobstatus job="IDMerger" pid="2" resource="dci-bridge host(64bit)" rtid="450240164615034zentest" status="6"/>
         <jobstatus job="FeatureFinderCentroided" pid="0" resource="dci-bridge host(64bit)" rtid="445985486465755zentest" status="6"/>
         <jobstatus job="FeatureFinderCentroided" pid="1" resource="dci-bridge host(64bit)" rtid="445985486465755zentest" status="6"/>
         <jobstatus job="FeatureFinderCentroided" pid="2" resource="dci-bridge host(64bit)" rtid="445985486465755zentest" status="6"/>
         <jobstatus job="FeatureFinderCentroided" pid="0" resource="dci-bridge host(64bit)" rtid="450240164615034zentest" status="6"/>
         <jobstatus job="FeatureFinderCentroided" pid="1" resource="dci-bridge host(64bit)" rtid="450240164615034zentest" status="6"/>
         <jobstatus job="FeatureFinderCentroided" pid="2" resource="dci-bridge host(64bit)" rtid="450240164615034zentest" status="6"/>
         <jobstatus job="ConsensusID" pid="0" resource="dci-bridge host(64bit)" rtid="445985486465755zentest" status="6"/>
         <jobstatus job="ConsensusID" pid="1" resource="dci-bridge host(64bit)" rtid="445985486465755zentest" status="6"/>
         <jobstatus job="ConsensusID" pid="2" resource="dci-bridge host(64bit)" rtid="445985486465755zentest" status="6"/>
         <jobstatus job="ConsensusID" pid="0" resource="dci-bridge host(64bit)" rtid="450240164615034zentest" status="6"/>
         <jobstatus job="ConsensusID" pid="1" resource="dci-bridge host(64bit)" rtid="450240164615034zentest" status="6"/>
         <jobstatus job="ConsensusID" pid="2" resource="dci-bridge host(64bit)" rtid="450240164615034zentest" status="6"/>
         <jobstatus job="PeptideIndexer" pid="0" resource="dci-bridge host(64bit)" rtid="445985486465755zentest" status="6"/>
         <jobstatus job="PeptideIndexer" pid="1" resource="dci-bridge host(64bit)" rtid="445985486465755zentest" status="6"/>
         <jobstatus job="PeptideIndexer" pid="2" resource="dci-bridge host(64bit)" rtid="445985486465755zentest" status="6"/>
         <jobstatus job="PeptideIndexer" pid="0" resource="dci-bridge host(64bit)" rtid="450240164615034zentest" status="6"/>
         <jobstatus job="PeptideIndexer" pid="1" resource="dci-bridge host(64bit)" rtid="450240164615034zentest" status="6"/>
         <jobstatus job="PeptideIndexer" pid="2" resource="dci-bridge host(64bit)" rtid="450240164615034zentest" status="6"/>
         <jobstatus job="FalseDiscoveryRate" pid="0" resource="dci-bridge host(64bit)" rtid="445985486465755zentest" status="6"/>
         <jobstatus job="FalseDiscoveryRate" pid="1" resource="dci-bridge host(64bit)" rtid="445985486465755zentest" status="6"/>
         <jobstatus job="FalseDiscoveryRate" pid="2" resource="dci-bridge host(64bit)" rtid="445985486465755zentest" status="6"/>
         <jobstatus job="FalseDiscoveryRate" pid="0" resource="dci-bridge host(64bit)" rtid="450240164615034zentest" status="6"/>
         <jobstatus job="FalseDiscoveryRate" pid="1" resource="dci-bridge host(64bit)" rtid="450240164615034zentest" status="6"/>
         <jobstatus job="FalseDiscoveryRate" pid="2" resource="dci-bridge host(64bit)" rtid="450240164615034zentest" status="6"/>
         <jobstatus job="IDFilter" pid="0" resource="dci-bridge host(64bit)" rtid="445985486465755zentest" status="6"/>
         <jobstatus job="IDFilter" pid="1" resource="dci-bridge host(64bit)" rtid="445985486465755zentest" status="6"/>
         <jobstatus job="IDFilter" pid="2" resource="dci-bridge host(64bit)" rtid="445985486465755zentest" status="6"/>
         <jobstatus job="IDFilter" pid="0" resource="dci-bridge host(64bit)" rtid="450240164615034zentest" status="6"/>
         <jobstatus job="IDFilter" pid="1" resource="dci-bridge host(64bit)" rtid="450240164615034zentest" status="6"/>
         <jobstatus job="IDFilter" pid="2" resource="dci-bridge host(64bit)" rtid="450240164615034zentest" status="6"/>
         <jobstatus job="IDMapper" pid="0" resource="dci-bridge host(64bit)" rtid="445985486465755zentest" status="6"/>
         <jobstatus job="IDMapper" pid="1" resource="dci-bridge host(64bit)" rtid="445985486465755zentest" status="6"/>
         <jobstatus job="IDMapper" pid="2" resource="dci-bridge host(64bit)" rtid="445985486465755zentest" status="6"/>
         <jobstatus job="IDMapper" pid="0" resource="dci-bridge host(64bit)" rtid="450240164615034zentest" status="6"/>
         <jobstatus job="IDMapper" pid="1" resource="dci-bridge host(64bit)" rtid="450240164615034zentest" status="6"/>
         <jobstatus job="IDMapper" pid="2" resource="dci-bridge host(64bit)" rtid="450240164615034zentest" status="6"/>
         <jobstatus job="MapAlignerPoseClustering" pid="0" resource="dci-bridge host(64bit)" rtid="445985486465755zentest" status="6"/>
         <jobstatus job="MapAlignerPoseClustering" pid="0" resource="dci-bridge host(64bit)" rtid="450240164615034zentest" status="6"/>
         <jobstatus job="TextExporter" pid="0" resource="dci-bridge host(64bit)" rtid="445985486465755zentest" status="6"/>
         <jobstatus job="TextExporter" pid="0" resource="dci-bridge host(64bit)" rtid="450240164615034zentest" status="6"/>
         <jobstatus job="FeatureLinkerUnlabeledQT" pid="0" resource="dci-bridge host(64bit)" rtid="445985486465755zentest" status="6"/>
         <jobstatus job="FeatureLinkerUnlabeledQT" pid="0" resource="dci-bridge host(64bit)" rtid="450240164615034zentest" status="6"/>
         <jobstatus job="ConsensusMapNormalizer" pid="0" resource="dci-bridge host(64bit)" rtid="445985486465755zentest" status="6"/>
         <jobstatus job="ConsensusMapNormalizer" pid="0" resource="dci-bridge host(64bit)" rtid="450240164615034zentest" status="6"/>
      </instances>
   </real>
</workflow>
